id,type,product_type,embed_url,media_url,thumbnail_url,timestamp,like_count,comments_count,caption
18200926624369871,VIDEO,REELS,https://www.instagram.com/reel/Db2CqLkJqZg/,https://scontent-iad3-2.cdninstagram.com/o1/v/t2/f2/m86/AQProV7F2wafJQKI_3qFHunb_kbr0HbL4x9phz16T0cW9jmWOv-51Ezs0Di5nxUbdFLSf0x08YzA5tHBzqgDKgBSV---ZWD9CpaC5WA.mp4?_nc_cat=103&_nc_sid=5e9851&_nc_ht=scontent-iad3-2.cdninstagram.com&_nc_ohc=3RsSbBNfvRgQ7kNvwEv0-V4&efg=eyJ2ZW5jb2RlX3RhZyI6Inhwdl9wcm9ncmVzc2l2ZS5JTlNUQUdSQU0uQ0xJUFMuQzMuNzIwLmRhc2hfYmFzZWxpbmVfMV92MSIsInhwdl9hc3NldF9pZCI6MjM0ODE1NzM0NjAwMzI5MiwiYXNzZXRfYWdlX2RheXMiOjEsInZpX3VzZWNhc2VfaWQiOjEwMDk5LCJkdXJhdGlvbl9zIjoxMCwidXJsZ2VuX3NvdXJjZSI6Ind3dyJ9&ccb=17-1&vs=ec952dfecdf389d1&_nc_vs=HBksFQIYUmlnX3hwdl9yZWVsc19wZXJtYW5lbnRfc3JfcHJvZC8yQjQ3NTNGM0E4Rjk4NENBRUVEQTlFRjE0NEJFQTc5MV92aWRlb19kYXNoaW5pdC5tcDQVAALIARIAFQIYUWlnX3hwdl9wbGFjZW1lbnRfcGVybWFuZW50X3YyL0FDNDJCNDg1RDJCMEI3QjBDQUY5MzlFNTg5NDJGQjg4X2F1ZGlvX2Rhc2hpbml0Lm1wNBUCAsgBEgAoABgAGwKIB3VzZV9vaWwBMRJwcm9ncmVzc2l2ZV9yZWNpcGUBMRUAACa45eHH3-irCBUCKAJDMywXQCXMzMzMzM0YEmRhc2hfYmFzZWxpbmVfMV92MREAdf4HZeadAQA&_nc_gid=rKVsNoHUz-1H48tfRKm04w&edm=ANo9K5cEAAAA&_nc_zt=28&_nc_tpa=Q5bMBQIbiK1E2siE2leVNU_roBGQ_-VZLbBTFWuAyyeBfM5DVJH4Y_tAshZrwXFLXQmwnpZUcHLyJfbqGg&oh=00_AQE5lUKkgBZCa38k5lmByP8vbDoHYj52g-L2xmWx6ZYkVw&oe=6A7DA3BC,https://scontent-iad3-2.cdninstagram.com/v/t51.71878-15/770961690_1397384912303549_7410659233480653452_n.jpg?stp=dst-jpg_e35_tt6&_nc_cat=103&ccb=7-5&_nc_sid=18de74&efg=eyJlZmdfdGFnIjoiQ0xJUFMuYmVzdF9pbWFnZV91cmxnZW4uQzMifQ%3D%3D&_nc_ohc=OkNWhugskUcQ7kNvwHsBFrL&_nc_oc=Adr5iig2gl4rWGLHiEjOpydzlf_yrc3CN8mnXx0GA-nVW-FT5vZry-NL46JI8LBTa9U&_nc_zt=23&_nc_ht=scontent-iad3-2.cdninstagram.com&edm=ANo9K5cEAAAA&_nc_gid=rKVsNoHUz-1H48tfRKm04w&_nc_tpa=Q5bMBQJvwi-HSYUESqJI4c7JyfYUQ3s57CfmghtRqYdmCRXMMgvCSmYwm_MBYB2VpFNuYjIncz3v3Zs8_A&oh=00_AQGTt3sKwpDGHtL3JRQOZwBOdkhJbk1jXZt3einy5uaXaQ&oe=6A819778,2026-08-10T03:24:58+0000,1,0,"For free consultation inbox or email us at hello@engineerstechbd.com
#engineerstech #software #drivenbyengineers"
18063221672583530,VIDEO,REELS,https://www.instagram.com/reel/Db1ezLYTD0G/,https://scontent-iad3-1.cdninstagram.com/o1/v/t2/f2/m86/AQP83e3TP70kYePYmdM1jqZIYAbqgywyl-ZKsrhgZ6uHrzDHCSGgK95NbxrdmdnINeJ_XnjuEjVQjX7j-TdA7PKLW6dMfqJFgJ31KiM.mp4?_nc_cat=108&_nc_sid=5e9851&_nc_ht=scontent-iad3-1.cdninstagram.com&_nc_ohc=rJJSi8swRqkQ7kNvwEW5b4J&efg=eyJ2ZW5jb2RlX3RhZyI6Inhwdl9wcm9ncmVzc2l2ZS5JTlNUQUdSQU0uQ0xJUFMuQzMuNzIwLmRhc2hfYmFzZWxpbmVfMV92MSIsInhwdl9hc3NldF9pZCI6MjQ3MzU2MzIzNjQ1NTc3NSwiYXNzZXRfYWdlX2RheXMiOjIsInZpX3VzZWNhc2VfaWQiOjEwMDk5LCJkdXJhdGlvbl9zIjoxNSwidXJsZ2VuX3NvdXJjZSI6Ind3dyJ9&ccb=17-1&vs=8aeb677127f21250&_nc_vs=HBksFQIYUmlnX3hwdl9yZWVsc19wZXJtYW5lbnRfc3JfcHJvZC82MjQ0RUVFRDIyQ0JDQTY5QzgzQ0RBODM5MDE0OEM4QV92aWRlb19kYXNoaW5pdC5tcDQVAALIARIAFQIYUWlnX3hwdl9wbGFjZW1lbnRfcGVybWFuZW50X3YyL0Q3NEM4MzMyODE5NDRGNTM0MjY0OUIwNzU2MDBFQzk0X2F1ZGlvX2Rhc2hpbml0Lm1wNBUCAsgBEgAoABgAGwKIB3VzZV9vaWwBMRJwcm9ncmVzc2l2ZV9yZWNpcGUBMRUAACa-1c6gquzkCBUCKAJDMywXQC_dsi0OVgQYEmRhc2hfYmFzZWxpbmVfMV92MREAdf4HZeadAQA&_nc_gid=rKVsNoHUz-1H48tfRKm04w&edm=ANo9K5cEAAAA&_nc_zt=28&_nc_tpa=Q5bMBQK2vo0GMoCogtngeWz6oSH1ZVnWZfOfvcDHrqA6CFryFJgVSokW0e1Ds-wWR9QJ2sIXoMZXmbzBEQ&oh=00_AQHHBZGH09oQ45dKMz3Boi_tOcXb_vc6lllAr6qmfUieyg&oe=6A7D9B99,https://scontent-iad3-1.cdninstagram.com/v/t51.71878-15/771939608_1286768713381249_483879190150767893_n.jpg?stp=dst-jpg_e35_tt6&_nc_cat=108&ccb=7-5&_nc_sid=18de74&efg=eyJlZmdfdGFnIjoiQ0xJUFMuYmVzdF9pbWFnZV91cmxnZW4uQzMifQ%3D%3D&_nc_ohc=wJ3ZKNsS7qkQ7kNvwFqal5G&_nc_oc=AdoYZm_kEuAOo_yGQ0Q4yveuCKps5VbMKr_QJtEvnKPfSWwNvqMF4UVXc2qkQhg66gg&_nc_zt=23&_nc_ht=scontent-iad3-1.cdninstagram.com&edm=ANo9K5cEAAAA&_nc_gid=rKVsNoHUz-1H48tfRKm04w&_nc_tpa=Q5bMBQJ9mn0orrF8nhTj3yzzzx1ST4CB9PZqXyt2R1CbhnBY6EsvDaK64etdJrYCAlgGqwxQvHuNFaZjdg&oh=00_AQGWmijc_hL5VKQmA-zQWznp-UwC_IvSNQATmKyCoBVbUA&oe=6A817B4D,2026-08-09T22:14:50+0000,1,0,engineersTech is the engine that lacks your business growth #engineerstech #business #drivenbyengineers
18101003783164658,VIDEO,REELS,https://www.instagram.com/reel/Db0cyoIjsNk/,https://scontent-iad6-1.cdninstagram.com/o1/v/t2/f2/m86/AQOz8_w16Sv6XUeMWC9GaJjLl8Ex5S0iPs4CK1bJ64aF897CfWQdcLAOL9hoL9CMXgd6e1vivuGPx-_xNQIAiN-zH1iFoGCRaMnxCBE.mp4?_nc_cat=107&_nc_sid=5e9851&_nc_ht=scontent-iad6-1.cdninstagram.com&_nc_ohc=HZXbJfWMyuUQ7kNvwH3HTTH&efg=eyJ2ZW5jb2RlX3RhZyI6Inhwdl9wcm9ncmVzc2l2ZS5JTlNUQUdSQU0uQ0xJUFMuQzMuNzIwLmRhc2hfYmFzZWxpbmVfMV92MSIsInhwdl9hc3NldF9pZCI6MTgwMDIzODI0NzY5NzY3MDEsImFzc2V0X2FnZV9kYXlzIjoyLCJ2aV91c2VjYXNlX2lkIjoxMDA5OSwiZHVyYXRpb25fcyI6MTEsInVybGdlbl9zb3VyY2UiOiJ3d3cifQ%3D%3D&ccb=17-1&vs=8a6979b9aadb6a24&_nc_vs=HBksFQIYUmlnX3hwdl9yZWVsc19wZXJtYW5lbnRfc3JfcHJvZC9EMjQ0OTQ3OUNBNTU0ODBDRjUyMjkwOTdEMDY5QTFCOV92aWRlb19kYXNoaW5pdC5tcDQVAALIARIAFQIYUWlnX3hwdl9wbGFjZW1lbnRfcGVybWFuZW50X3YyLzAyNEM0NTAwQTRENTBGQTM5MDQ5QzUwQTA3QUQ2RUJGX2F1ZGlvX2Rhc2hpbml0Lm1wNBUCAsgBEgAoABgAGwKIB3VzZV9vaWwBMRJwcm9ncmVzc2l2ZV9yZWNpcGUBMRUAACb6iLXKycT6PxUCKAJDMywXQCd3S8an754YEmRhc2hfYmFzZWxpbmVfMV92MREAdf4HZeadAQA&_nc_gid=rKVsNoHUz-1H48tfRKm04w&edm=ANo9K5cEAAAA&_nc_zt=28&_nc_tpa=Q5bMBQKoHxGD1AmbSc7X-B8xwckhEMBp5pk7_DD4_fXX9FFZnYzw6wYe51eE_VyZfNIp6Cp2roRZAJjXzQ&oh=00_AQEJxZZbtyWGgL5RbTQEd5K02BqI-WLGViuNO2IbieDcIg&oe=6A7D9F4C,https://scontent-iad6-1.cdninstagram.com/v/t51.82787-15/772109894_18002382692976701_6928420758348331337_n.jpg?stp=dst-jpg_e35_tt6&_nc_cat=109&ccb=7-5&_nc_sid=18de74&efg=eyJlZmdfdGFnIjoiQ0xJUFMuYmVzdF9pbWFnZV91cmxnZW4uQzMifQ%3D%3D&_nc_ohc=E85yOx8MgL0Q7kNvwGSkK8v&_nc_oc=AdoTO2Gk-EQSvjc0kiB_hrT4KChvn28S-VF8-9fNDj6qvta6eSI73W8HEOX5UOSNyyQ&_nc_zt=23&_nc_ht=scontent-iad6-1.cdninstagram.com&edm=ANo9K5cEAAAA&_nc_gid=rKVsNoHUz-1H48tfRKm04w&_nc_tpa=Q5bMBQLVc7r6s8yDkLNMGAP90ECzl4mN6Qpa-rbQb-TLykMSuomW_zmnNFF4vL9YCWDlxetfrzE5X4N6OA&oh=00_AQHg6O2d58EaG-EjFGPZgSX5AfPpRfHNiJi-4ZsfiVvhmg&oe=6A81888A,2026-08-09T12:34:45+0000,0,0,"Your business doesn’t need more complexity. It needs the right technology. 🚀

From building your digital foundation to improving operations and scaling your business — engineersTech helps turn business challenges into practical technology solutions.

💻 Custom Websites & Software
📱 Web & Mobile Applications
☁️ SaaS Solutions
🤖 AI & Automation
📈 Technology built for business growth

Let’s build what your business actually needs.
All your risk concern is on us and one remaining thought is watching your business growth sustainable way.

#drivenByEngineers #BusinessGrowth #CustomSoftware  # #AIIntegration  #BusinessAutomation #saas #motiongraphics #socialmediamarketing #erp #software"
18192097285376783,IMAGE,FEED,https://www.instagram.com/p/Dbyh-1tTtmk/,https://scontent-iad6-1.cdninstagram.com/v/t51.82787-15/768361184_18002265722976701_6182173017995827569_n.heic?stp=dst-jpg_e35_tt6&_nc_cat=106&ccb=7-5&_nc_sid=18de74&efg=eyJlZmdfdGFnIjoiRkVFRC5iZXN0X2ltYWdlX3VybGdlbi5DMyJ9&_nc_ohc=KhVj6ojsKx8Q7kNvwGUKcNt&_nc_oc=AdolOpFutH9_W7FWk3C4DsKpsFewNBn-VDlSCuv6pSTh1CpVn7DymqZF5Ul34j4FzlY&_nc_zt=23&_nc_ht=scontent-iad6-1.cdninstagram.com&edm=ANo9K5cEAAAA&_nc_gid=rKVsNoHUz-1H48tfRKm04w&_nc_tpa=Q5bMBQIPhsaXkBLep3GWrrsCH-sJSJO8aI_6nkqDO6CTbx0Wji6Ul7GfXhMAP_YQDrpSwWPQxGPt1eq19Q&oh=00_AQGA1m1zlwg-h6TpskeF8kCeGQNBdR68VKrdUcqrI17ngQ&oe=6A8192D1,,2026-08-08T18:41:21+0000,1,0,"Your business doesn’t stop at development. **It needs to run, evolve, and grow.**

From building your website and digital platforms to managing your online presence, content, advertising, performance, and ongoing improvements — you shouldn’t have to coordinate with multiple teams for everything.

With engineersTech, get a **360° complete online solution** built around your business.

🔹 Website & Digital Platform Development
🔹 Website Maintenance & Updates
🔹 Social Media Content & Management
🔹 Advertising & Campaign Management
🔹 Performance & Growth Optimization
🔹 Ongoing Technical Support

**One partner. One connected strategy. From development to business growth.**

Let your business focus on growth. **We’ll handle the digital side.**

🌐 [www.engineerstechbd.com](http://www.engineerstechbd.com)
📧 [hello@engineerstechbd.com](mailto:hello@engineerstechbd.com)
📞 +880 131-4443311

#engineersTech #drivenbyengineers #digitalsolutions #businessgrowth #websitedevelopment"
18143887126527150,IMAGE,FEED,https://www.instagram.com/p/DbydSEnm-oP/,https://scontent-iad6-1.cdninstagram.com/v/t51.82787-15/768248225_18002260181976701_389330062843483266_n.jpg?stp=dst-jpg_e35_tt6&_nc_cat=106&ccb=7-5&_nc_sid=18de74&efg=eyJlZmdfdGFnIjoiRkVFRC5iZXN0X2ltYWdlX3VybGdlbi5DMyJ9&_nc_ohc=Od9K-4ZaRLgQ7kNvwG4CzNa&_nc_oc=AdrzCgsUYHlKWMvEgL5T4lAS7Mx9wKxJywPZwx1ClEUOUkDlwnCfNHXU8QEVs12Qxh8&_nc_zt=23&_nc_ht=scontent-iad6-1.cdninstagram.com&edm=ANo9K5cEAAAA&_nc_gid=rKVsNoHUz-1H48tfRKm04w&_nc_tpa=Q5bMBQLeoGpqsS5lbbvrax2TqrJx8xUCqQTAIFX38pD15QpHjxwa2f1eHQXbDaPhw45OWAD70Bam18eBjw&oh=00_AQGVOqBYNFGUqWjc5FYnF415V1Lvn7HCasE8PYhQKZh5sg&oe=6A8199D8,,2026-08-08T18:00:24+0000,0,0,"🚀 Ready to scale your retail business to the global stage?

At engineersTech, we specialize in seamless Shopify e-commerce launches. From custom themes to complex ERP integrations, we build the digital backbone your brand deserves.

🔗 Link in bio for a free consultation!
📧 hello@engineerstechbd.com
📞 +880 131-4443311

#engineersTech #Shopify #Ecommerce #DigitalTransformation #ERP #TechSolutions #BusinessGrowth #CustomDev"
18089536817531104,VIDEO,REELS,https://www.instagram.com/reel/Dbg9dL8z4iC/,https://scontent-iad6-1.cdninstagram.com/o1/v/t2/f2/m86/AQOaCMMfR8YtJ9QZDwJyOIkC-pMG4p9Ln1AHLqGNTijZMFr4xC9tQmswpo-fh54cs37EjCDQ2d_8CiKelR9ZQvSeJSq_MM0LfEhJSYo.mp4?_nc_cat=107&_nc_sid=5e9851&_nc_ht=scontent-iad6-1.cdninstagram.com&_nc_ohc=yrGlw4ffqTAQ7kNvwEfdUcP&efg=eyJ2ZW5jb2RlX3RhZyI6Inhwdl9wcm9ncmVzc2l2ZS5JTlNUQUdSQU0uQ0xJUFMuQzMuNzIwLmRhc2hfYmFzZWxpbmVfMV92MSIsInhwdl9hc3NldF9pZCI6MTc0NDk4ODY1MzU4NzIxMywiYXNzZXRfYWdlX2RheXMiOjEwLCJ2aV91c2VjYXNlX2lkIjoxMjM3NCwiZHVyYXRpb25fcyI6MTIsInVybGdlbl9zb3VyY2UiOiJ3d3cifQ%3D%3D&ccb=17-1&vs=40dfce21d6b9cbaa&_nc_vs=HBksFQIYUmlnX3hwdl9yZWVsc19wZXJtYW5lbnRfc3JfcHJvZC8wRjQyOThGRTFFRDU1RjgwMzMwMzQ0QkQ5QTFGMEJBRl92aWRlb19kYXNoaW5pdC5tcDQVAALIARIAFQIYUWlnX3hwdl9wbGFjZW1lbnRfcGVybWFuZW50X3YyLzMxNDE3QUVEN0I0QTU2QzNFRDE5Njk5NjFBMTNDQTgzX2F1ZGlvX2Rhc2hpbml0Lm1wNBUCAsgBEgAoABgAGwKIB3VzZV9vaWwBMRJwcm9ncmVzc2l2ZV9yZWNpcGUBMRUAACaarKzN2sOZBhUCKAJDMywXQCiIMSbpeNUYEmRhc2hfYmFzZWxpbmVfMV92MREAdf4HZazBAQA&_nc_gid=ye9r3NpxNfLFTXgfOxDV8g&edm=ANo9K5cEAAAA&_nc_zt=28&_nc_tpa=Q5bMBQKPwJ3DYyx-hMaLxvfjdqk3f0gSp9N3MwOocq19a_CDts4JtFl5ZOZ11MMuPXs8e4l78vKE6mtl0A&oh=00_AQHwlAh_IDPRPGj9TQNCbS6dfbJfvNcNGYfHsO35SwQNnQ&oe=6A7DB164,https://scontent-iad6-1.cdninstagram.com/v/t51.71878-15/760411015_1543873393896553_4045304917206447036_n.jpg?stp=dst-jpg_e35_tt6&_nc_cat=109&ccb=7-5&_nc_sid=18de74&efg=eyJlZmdfdGFnIjoiQ0xJUFMuYmVzdF9pbWFnZV91cmxnZW4uQzMifQ%3D%3D&_nc_ohc=D_gTyAGRx4sQ7kNvwH4nZ_2&_nc_oc=AdqjcXcdcIMNO-uMZuxEptHPljFPzLXsZ3V6ZPWc-am8eY6joP6UHmDaXZrNLe2np80&_nc_zt=23&_nc_ht=scontent-iad6-1.cdninstagram.com&edm=ANo9K5cEAAAA&_nc_gid=ye9r3NpxNfLFTXgfOxDV8g&_nc_tpa=Q5bMBQLYaQz8JKHg3UxB3zGDnrcS37l2NTzKL8mvpfDiZMfTtXkJfvC91IrpjSvz4X_WEQNS9DK0LMA4fQ&oh=00_AQHMgVUXpB_e7jLtVPWOesKKzBKcWH99hJr1pR3Q4V4QzA&oe=6A818038,2026-08-01T22:56:37+0000,4,0,#engineerstech #salesmarketing #business #enterprisesolutions #ecommerce
18376586893227182,IMAGE,FEED,https://www.instagram.com/p/Dbg4-31DzfW/,https://scontent-iad6-1.cdninstagram.com/v/t51.82787-15/761179747_18001179758976701_307400973624256430_n.jpg?stp=dst-jpg_e35_tt6&_nc_cat=107&ccb=7-5&_nc_sid=18de74&efg=eyJlZmdfdGFnIjoiRkVFRC5iZXN0X2ltYWdlX3VybGdlbi5DMyJ9&_nc_ohc=OfpS3WlFQGsQ7kNvwFcxxcN&_nc_oc=AdqRMYV-k_Q8dBcllHe6v1us2YLl6W3M6P8lwSyyhWMKFl7vPbQk_-iOMbKq275ob-I&_nc_zt=23&_nc_ht=scontent-iad6-1.cdninstagram.com&edm=ANo9K5cEAAAA&_nc_gid=ye9r3NpxNfLFTXgfOxDV8g&_nc_tpa=Q5bMBQIkNi7C19PEQafD7A5TXpuAKey0tokNRVfVI50K5NdsIJUrKhCW94vfT_eKHl3UcGH8qK4BAphZVw&oh=00_AQEoFCgE10zPUfuMw6WfS2pPTz1KRqNRXQse1b-umu57_A&oe=6A8189BA,,2026-08-01T22:16:05+0000,1,0,"🚀 Ready to build the next Amazon or eBay? 

At engineersTech, we specialize in turning ambitious visions into scalable digital realities. Whether it is custom ERP systems, AI-driven solutions, or secure web development, our team in Dhaka delivers global excellence tailored for your business growth. 

Don’t just plan—execute. 

✨ Leave a message today for a FREE consultation! 

🔗 Visit us: www.engineerstechbd.com
📧 Email: hello@engineerstechbd.com
📞 Call: +880 131-4443311

#engineersTech #SoftwareDevelopment #EcommerceSolutions #TechInnovation #StartupGrowth #CustomSoftware #AI #ERP #BusinessGrowth #DhakaTech #WebDevelopment #AmazonClone #eBayClone"
18081667163415649,IMAGE,FEED,https://www.instagram.com/p/DYocwIbRXyT/,https://scontent-iad3-1.cdninstagram.com/v/t51.82787-15/706003809_17990385110976701_3539316290065360480_n.heic?stp=dst-jpg_e35_tt6&_nc_cat=104&ccb=7-5&_nc_sid=18de74&efg=eyJlZmdfdGFnIjoiRkVFRC5iZXN0X2ltYWdlX3VybGdlbi5DMyJ9&_nc_ohc=__DznDZAGT0Q7kNvwGwVmDF&_nc_oc=Adq_G98poRVvYFqsdT2gTS2EVLILJ8aUoy11fKxhtE_jFAes-IJdztwrjW0lKAPDXCY&_nc_zt=23&_nc_ht=scontent-iad3-1.cdninstagram.com&edm=ANo9K5cEAAAA&_nc_gid=ye9r3NpxNfLFTXgfOxDV8g&_nc_tpa=Q5bMBQJZCZYdqXqvHcKz21yW2b23Tf9pxxOeJOoxU1nAym5bpyAun1Btvc2EzLqE3ydqgsUQhGpztoNDqg&oh=00_AQFARjmh7CpBANbUY5j0GI6TD68hsEG3ANaX0GZNSB7o3A&oe=6A81A246,,2026-05-22T07:09:06+0000,3,0,"engineersTech × Sadik Physiotherapy & Rehabilitation Centre

We are proud to announce a signed MoU with Sadik Physiotherapy & Rehabilitation Centre, digitizing the practice of Dr. Sadik Hasan.

Combining 16 years of expertise as the In-charge of the Physiotherapy Department at Labaid Ltd. with our advanced digital solutions:

Smart Slot Booking • Patient Management • Digital Ecosystem

Transform your Healthcare Facility!
If you have a hospital, diagnostic center, or clinic and want to automate your bookings and management, contact us today:

Email: hello@engineerstechbd.com

Phone: 01314 44 33 11

Web: engineerstechbd.com

#engineersTech #HealthTech #DigitalTransformation #Physiotherapy #HealthcareInnovation HospitalManagement AppointmentBooking Saas DrSadikHasan Labaid Rehabilitation MedicalSoftware DigitalHealth Uttara Dhaka Bangladesh BusinessGrowth TechPartnership SmartHealth StartupBD"
18047418317783359,IMAGE,FEED,https://www.instagram.com/p/DYociJVxjV3/,https://scontent-iad6-1.cdninstagram.com/v/t51.82787-15/704018939_17990385044976701_2421627154943100487_n.heic?stp=dst-jpg_e35_tt6&_nc_cat=100&ccb=7-5&_nc_sid=18de74&efg=eyJlZmdfdGFnIjoiRkVFRC5iZXN0X2ltYWdlX3VybGdlbi5DMyJ9&_nc_ohc=HMS0UIdlYfsQ7kNvwF5DFbe&_nc_oc=AdqGFyB6X4hzvxFwM1qDhRAWQzZC__5350G1_Ocl2GblXPPiBAdaJ43xXiJKuB79yjY&_nc_zt=23&_nc_ht=scontent-iad6-1.cdninstagram.com&edm=ANo9K5cEAAAA&_nc_gid=ye9r3NpxNfLFTXgfOxDV8g&_nc_tpa=Q5bMBQLT7ptKmSKMidn3mzmBga3wI84WJfzr8m84XPGWWhwHknlZbQtmV7SK6PsQNrHKyCmVKShiLrj6UA&oh=00_AQFt9SL7nO9jQ631uDJEagptJo_aTJgf5yNEw6PpU_264A&oe=6A81984B,,2026-05-22T07:07:09+0000,0,0,"নারীরা এগিয়ে গেলে—এগিয়ে যাবে সমাজ এবং দেশ। 

নারী শক্তির এই অগ্রযাত্রায় শামিল হতে engineersTech গর্বের সাথে যুক্ত হয়েছে atB Jobs Women's Job Fair 2026-এ! মেলায় আমাদের একটি ডেডিকেটেড স্টল থাকছে, যেখানে আপনারা সরাসরি জবের জন্য অ্যাপ্লাই করতে পারবেন এবং আমাদের এক্সপার্টদের কাছ থেকে নিতে পারবেন ক্যারিয়ার বিষয়ক প্রয়োজনীয় সব পরামর্শ।

মেলায় আমাদের স্টল ভিজিট করুন আগামী ১৯শে জুন, Elite Convention Hall -এ। নারীর ক্ষমতায়নে অবদান রাখতে এবং নতুন সব সুযোগের বিস্তারিত জানতে আমাদের ফেসবুক ও লিঙ্কডইন পেজে নজর রাখুন। দেখা হচ্ছে মেলায়! 

#engineersTech #atBJobs #WomensJobFair2026 #WomenEmpowerment #TechForGood CareerOpportunity BangladeshTech WomenInTech HiringNow CareerAdvice WomenInSTEM SmartBangladesh"
18116995483741513,CAROUSEL_ALBUM,FEED,https://www.instagram.com/p/DYoce4RERQq/,https://scontent-iad3-1.cdninstagram.com/v/t51.82787-15/705350632_17990385008976701_6497449750508730864_n.heic?stp=dst-jpg_e35_tt6&_nc_cat=101&ccb=7-5&_nc_sid=18de74&efg=eyJlZmdfdGFnIjoiQ0FST1VTRUxfSVRFTS5iZXN0X2ltYWdlX3VybGdlbi5DMyJ9&_nc_ohc=Q5lop66BBWgQ7kNvwFeeIAn&_nc_oc=AdqPHFfdw07HuhLL4n2bclGbMII14nuDBlm4cu8L2eaTEsCMRS7T05gCk61b2sFx-o4&_nc_zt=23&_nc_ht=scontent-iad3-1.cdninstagram.com&edm=ANo9K5cEAAAA&_nc_gid=ye9r3NpxNfLFTXgfOxDV8g&_nc_tpa=Q5bMBQJ661uUK4OWSWwB7dn4DZHCymVuLz0LSiRIO5hwUWWtnx2zEuN5D7oHXTyW23u4e2ZqOOhmN-r9ew&oh=00_AQE6UwfpYQNQP5oh0cONN5IVlqzsMSV5m-IQIaP07yfZJw&oe=6A819CE1,,2026-05-22T07:06:40+0000,3,0,"𝐓𝐫𝐚𝐧𝐬𝐟𝐨𝐫𝐦 𝐘𝐨𝐮𝐫 𝐁𝐮𝐬𝐢𝐧𝐞𝐬𝐬 𝐰𝐢𝐭𝐡 engineersTech

Ready to scale? We build the digital backbone your business deserves. From custom enterprise software to sleek mobile apps, 𝐞𝐧𝐠𝐢𝐧𝐞𝐞𝐫𝐬𝐓𝐞𝐜𝐡 delivers high-performance solutions tailored to your goals.

𝐎𝐮𝐫 𝐄𝐱𝐩𝐞𝐫𝐭𝐢𝐬𝐞:

• Enterprise & SaaS: Custom CRM, HRM, and ERP systems built for scale.

•Web & Mobile: Flawless cross-platform iOS, Android, and Web apps.

•Design & Motion: Pixel-perfect UI/UX and captivating brand identities.

•Strategy: Expert consulting to roadmap your digital transformation.

Let’s build something great together.

Visit: engineerstechbd.com
Email: hello@engineerstechbd.com
Call: 01314 44 33 11

#engineersTech #SoftwareDevelopment #EnterpriseSolutions #AppDevelopment #UIUX DigitalTransformation SaaS TechInnovation BusinessGrowth"
18103343203994827,IMAGE,FEED,https://www.instagram.com/p/DYocY-aRhCo/,https://scontent-iad6-1.cdninstagram.com/v/t51.82787-15/705387976_17990384960976701_3245299391137181639_n.heic?stp=dst-jpg_e35_tt6&_nc_cat=107&ccb=7-5&_nc_sid=18de74&efg=eyJlZmdfdGFnIjoiRkVFRC5iZXN0X2ltYWdlX3VybGdlbi5DMyJ9&_nc_ohc=8UIVB5c98FMQ7kNvwGn8fOi&_nc_oc=AdrxLE34s-Juhl5M0-9zhxvR4d9HdToAzO6PoBMdJ1tkATfuCUrD9hM9PDAKTEfxriA&_nc_zt=23&_nc_ht=scontent-iad6-1.cdninstagram.com&edm=ANo9K5cEAAAA&_nc_gid=ye9r3NpxNfLFTXgfOxDV8g&_nc_tpa=Q5bMBQLfKyPRQyiWC5EHtuMGZi-RxZI20B_pm1N0UNU4XatNswm-QTu5g1OeJTXmiX2VTYQWBY9LNFwLjQ&oh=00_AQFFAXwzROAO-wmmpYFituM3K3WyOrEAQQ5qzkSq_mXhug&oe=6A817EA7,,2026-05-22T07:05:54+0000,1,0,"𝐓𝐫𝐚𝐧𝐬𝐟𝐨𝐫𝐦 𝐘𝐨𝐮𝐫 𝐁𝐮𝐬𝐢𝐧𝐞𝐬𝐬 𝐰𝐢𝐭𝐡 engineersTech

Ready to scale? We build the digital backbone your business deserves. From custom enterprise software to sleek mobile apps, 𝐞𝐧𝐠𝐢𝐧𝐞𝐞𝐫𝐬𝐓𝐞𝐜𝐡 delivers high-performance solutions tailored to your goals.

𝐎𝐮𝐫 𝐄𝐱𝐩𝐞𝐫𝐭𝐢𝐬𝐞:

• Enterprise & SaaS: Custom CRM, HRM, and ERP systems built for scale.

•Web & Mobile: Flawless cross-platform iOS, Android, and Web apps.

•Design & Motion: Pixel-perfect UI/UX and captivating brand identities.

•Strategy: Expert consulting to roadmap your digital transformation.

Let’s build something great together.

Visit: engineerstechbd.com
Email: hello@engineerstechbd.com
Call: 01314 44 33 11

#engineersTech #SoftwareDevelopment #EnterpriseSolutions #AppDevelopment #UIUX DigitalTransformation SaaS TechInnovation BusinessGrowth"
18472333843099356,IMAGE,FEED,https://www.instagram.com/p/DYocUwERuqW/,https://scontent-iad3-1.cdninstagram.com/v/t51.82787-15/704839579_17990384885976701_6385506887865861634_n.heic?stp=dst-jpg_e35_tt6&_nc_cat=104&ccb=7-5&_nc_sid=18de74&efg=eyJlZmdfdGFnIjoiRkVFRC5iZXN0X2ltYWdlX3VybGdlbi5DMyJ9&_nc_ohc=Dt5EJbQ3ipMQ7kNvwGH2-Rq&_nc_oc=Adr9sQ4ag0yjChz4hx7rdybThbWiha5tdklSRbQYfZUUqp8-gade9TmEmxsdANb-2CU&_nc_zt=23&_nc_ht=scontent-iad3-1.cdninstagram.com&edm=ANo9K5cEAAAA&_nc_gid=ye9r3NpxNfLFTXgfOxDV8g&_nc_tpa=Q5bMBQJYh_VFCvVwx6lBUopHNvTq1u8UBTqTvdLb9x1iF4O5VjZ6-62jn1QilPVc8nmAOuDRYy3Vd_DUFw&oh=00_AQEipq3TKDnjtau1j5GBz9e3lsy7Z527hEG6KV_sa78G8g&oe=6A818A24,,2026-05-22T07:05:19+0000,2,0,"We're Hiring — Software Sales & Marketing Executive
Are you a closer? Do you love the thrill of cracking a deal?

engineersTech is looking for hungry, ambitious sales talent to join us on a commission-based role — where your earnings are limited only by your hustle.

What you'll do:
-Sell & promote our ready-made software products
-Hunt custom software requirements from clients
-Run digital ads, social campaigns & outreach
-Generate leads, demo products & close deals

What you'll get:
-% commission on every sale & project you bring
-Recurring commission on subscriptions
-One-off commission on custom projects
-No earning cap — your hustle = your paycheck

We want:
• Closers, not talkers
• Strong communicators
• People comfortable with digital marketing & social platforms
• SaaS or IT sales experience is a plus

Apply now:
 https://forms.gle/mto2DzyiHBHXjRTe8
hello@engineerstechbd.com
01314443311
Tag someone who'd crush this role
#Hiring #SoftwareSales #MarketingJobs #CommissionBased #DhakaJobs BangladeshJobs SaaSSales engineersTech ITjobsBD SalesJobs JobOpening"
17895720237459433,IMAGE,FEED,https://www.instagram.com/p/DYocQ6dxmLY/,https://scontent-iad3-2.cdninstagram.com/v/t51.82787-15/705939188_17990384735976701_6059515494911629703_n.heic?stp=dst-jpg_e35_tt6&_nc_cat=111&ccb=7-5&_nc_sid=18de74&efg=eyJlZmdfdGFnIjoiRkVFRC5iZXN0X2ltYWdlX3VybGdlbi5DMyJ9&_nc_ohc=pGeJNR67LC4Q7kNvwHZJ1MW&_nc_oc=AdomCPHGdbm6xXaX7ovwiKd5AX7k3juBE9WEySIQqBCyU9-qpf9CDbBlnciqllVjZXk&_nc_zt=23&_nc_ht=scontent-iad3-2.cdninstagram.com&edm=ANo9K5cEAAAA&_nc_gid=ye9r3NpxNfLFTXgfOxDV8g&_nc_tpa=Q5bMBQIZEyp_nNyjjz90XWp0w3HCZTLprl738be_Tuy7_J5y-iS40zvZgnVPqHs1kocIzPYyr5UZEs3Fsw&oh=00_AQFWHqCwH-n-PYN9ebX0-sNQI_2KQm0c4XhdkkAvs_PoKg&oe=6A81959C,,2026-05-22T07:04:48+0000,3,0,"𝐞𝐧𝐠𝐢𝐧𝐞𝐞𝐫𝐬𝐓𝐞𝐜𝐡 × Wear Impressive

We are proud to partner with 𝐖𝐞𝐚𝐫 𝐈𝐦𝐩𝐫𝐞𝐬𝐬𝐢𝐯𝐞, delivering a premium multi-segment 𝐞-𝐜𝐨𝐦𝐦𝐞𝐫𝐜𝐞 𝐞𝐜𝐨𝐬𝐲𝐬𝐭𝐞𝐦.

𝐈𝐧𝐭𝐞𝐥𝐥𝐢𝐠𝐞𝐧𝐭 𝐈𝐧𝐯𝐞𝐧𝐭𝐨𝐫𝐲 • 𝐂𝐮𝐬𝐭𝐨𝐦𝐞𝐫 𝐒𝐞𝐠𝐦𝐞𝐧𝐭𝐚𝐭𝐢𝐨𝐧 • 𝐀𝐝𝐯𝐚𝐧𝐜𝐞𝐝 𝐑𝐞𝐭𝐚𝐢𝐥 𝐋𝐨𝐠𝐢𝐜

Scale Your E-commerce Brand!

If you own a premium clothing line, lifestyle brand, or retail store and want to build a high-converting digital storefront with advanced retail logic, contact us today:

𝐄𝐦𝐚𝐢𝐥: hello@engineerstechbd.com

𝐏𝐡𝐨𝐧𝐞: 01314 44 33 11

𝐖𝐞𝐛: engineerstechbd.com

#engineersTech #WearImpressive #Ecommerce #PremiumClothing #RetailTech DigitalTransformation WebDevelopment TechPartnership SmartRetail StartupBD"
18141257248519173,IMAGE,FEED,https://www.instagram.com/p/DYocNUSx22D/,https://scontent-iad6-1.cdninstagram.com/v/t51.82787-15/705381649_17990384708976701_4113455834200505411_n.heic?stp=dst-jpg_e35_tt6&_nc_cat=102&ccb=7-5&_nc_sid=18de74&efg=eyJlZmdfdGFnIjoiRkVFRC5iZXN0X2ltYWdlX3VybGdlbi5DMyJ9&_nc_ohc=-voFL3tJEFYQ7kNvwEaNGZw&_nc_oc=Ado8s8x3eoKF8Bgosg6dHbUJLnPBVI2NlKqvRazn_9SM4rQOikMeJLw1JskR6HXL27k&_nc_zt=23&_nc_ht=scontent-iad6-1.cdninstagram.com&edm=ANo9K5cEAAAA&_nc_gid=ye9r3NpxNfLFTXgfOxDV8g&_nc_tpa=Q5bMBQIE19tw53nJrWw2OxZ3hAGL1G7Y4UeJbZHmBUpxVmh5nIiSQiWAk8p_aT0dNicTVg_TM8XW_rlMhQ&oh=00_AQFE76v7vdiBX9ENWN_2j4T3w82bQsAj_lpws9NNbsroWQ&oe=6A819738,,2026-05-22T07:04:18+0000,1,0,"𝐞𝐧𝐠𝐢𝐧𝐞𝐞𝐫𝐬𝐓𝐞𝐜𝐡 × Kasundi Restora Ltd

We are proud to partner with 𝐊𝐚𝐬𝐮𝐧𝐝𝐢, delivering a premium 𝐟𝐨𝐨𝐝-𝐭𝐞𝐜𝐡 𝐚𝐧𝐝 𝐝𝐢𝐠𝐢𝐭𝐚𝐥 𝐫𝐞𝐬𝐭𝐚𝐮𝐫𝐚𝐧𝐭 𝐞𝐜𝐨𝐬𝐲𝐬𝐭𝐞𝐦:

𝐒𝐦𝐚𝐫𝐭 𝐎𝐫𝐝𝐞𝐫 𝐌𝐚𝐧𝐚𝐠𝐞𝐦𝐞𝐧𝐭 • 𝐑𝐞𝐚𝐥-𝐓𝐢𝐦𝐞 𝐊𝐢𝐭𝐜𝐡𝐞𝐧 𝐑𝐨𝐮𝐭𝐢𝐧𝐠 • 𝐒𝐞𝐚𝐦𝐥𝐞𝐬𝐬 𝐂𝐮𝐬𝐭𝐨𝐦𝐞𝐫 𝐄𝐱𝐩𝐞𝐫𝐢𝐞𝐧𝐜𝐞

Elevate Your Restaurant Business!

If you own a restaurant, cloud kitchen, or catering service and want to streamline your ordering system and scale your brand, contact us today:

Email: hello@engineerstechbd.com

Phone: 01314 44 33 11

Web: engineerstechbd.com

#engineersTech #Kasundi #FoodTech #RestaurantManagement #DigitalTransformation WebDevelopment TechPartnership SmartDining SaaS StartupBD"
18121255906651439,IMAGE,FEED,https://www.instagram.com/p/DX6sYxaCaSD/,https://scontent-iad6-1.cdninstagram.com/v/t51.82787-15/688142237_17987984867976701_4271765987855825166_n.heic?stp=dst-jpg_e35_tt6&_nc_cat=100&ccb=7-5&_nc_sid=18de74&efg=eyJlZmdfdGFnIjoiRkVFRC5iZXN0X2ltYWdlX3VybGdlbi5DMyJ9&_nc_ohc=cHoLTB034foQ7kNvwFT4vgo&_nc_oc=Adp8unuPyqOBw9P_F_OEgSeF_IAa7FOQZNUk0if3jUEEB2MaSwBxNDmNrK0E5TK7VQA&_nc_zt=23&_nc_ht=scontent-iad6-1.cdninstagram.com&edm=ANo9K5cEAAAA&_nc_gid=ye9r3NpxNfLFTXgfOxDV8g&_nc_tpa=Q5bMBQKYd56FManibWQZ-M8gwF9n-3RPFTYgnce71yKw7oQVm9Qbyb0SzGYlR8OOL9ZfjbdUby9Vmj2ksw&oh=00_AQGi1faAYCFpxyfMf7pRxU8pv2ismu4mC5nBYvbmfkT9mQ&oe=6A819795,,2026-05-04T12:40:34+0000,3,0,"📍New Location. Same Commitment to Excellence. ✨

engineersTech is on the move! We’ve officially relocating to a sleek new office in Uttara Sector 16/A. 🏙️ Near metro station centre 

Whether it’s developing high-performance CRM software or creating business growth 360 digital strategies, our new hub is designed to spark creativity and drive results for your business.

Visit us at: engineerstechbd.com 

🏢 Rashi International, Level 6, Flat B6, Road 4, Sector 16/A, Uttara, Dhaka -1230.

🗺️ Map url : https://lnkd.in/gBDav2JQ

#engineersTech #MovingDay #UttaraCenter #TechCommunity #BangladeshTech  SoftwareSolutions WebDevelopment Automation NewBeginnings"
17977634676005635,IMAGE,FEED,https://www.instagram.com/p/DXCULS9ibGy/,https://scontent-iad6-1.cdninstagram.com/v/t51.82787-15/669721616_17985044120976701_2450013235267713299_n.heic?stp=dst-jpg_e35_tt6&_nc_cat=102&ccb=7-5&_nc_sid=18de74&efg=eyJlZmdfdGFnIjoiRkVFRC5iZXN0X2ltYWdlX3VybGdlbi5DMyJ9&_nc_ohc=8JbYjWkANdAQ7kNvwHNL9oQ&_nc_oc=Adpx88fnjzV5Q13E4UBpjsAesVk_nLDgTLKOSfyq_VY5SOh0AQBSGsxolGZ0Wq8tLn8&_nc_zt=23&_nc_ht=scontent-iad6-1.cdninstagram.com&edm=ANo9K5cEAAAA&_nc_gid=ye9r3NpxNfLFTXgfOxDV8g&_nc_tpa=Q5bMBQJR92tMl15ZmeE1j8LooAKwETSVrc2cyWfh1CfyThlcLsRJzhLNLlZnUFRp3nJ0Be9DPm1nqL-CHA&oh=00_AQEGav3c__1bM-ET945e4exhiG5pZ1iPT33OXFswT8eGpg&oe=6A8179EC,,2026-04-12T15:11:35+0000,4,1,"""Train yourself to see challenges as opportunities, not obstacles."" 💡

In the fast-paced world of digital infrastructure and AI automation, the difference between stagnation and growth often comes down to perspective.

 At engineersTech, we don't just solve technical problems; we look for the strategic advantage hidden within every complex hurdle.

As we continue to scale our operations and refine our intelligent systems, our focus remains on turning every ""impossible"" request into a resilient, production-ready solution. 🚀

Execution is about more than just code—it's about the resilience to keep pushing forward.
— Al Shahriar
Co-founder & COO, engineersTech

#TechLeadership #OperationsExcellence #GrowthMindset #engineersTech #Innovation ProblemSolving DigitalTransformation"
18093406751121927,IMAGE,FEED,https://www.instagram.com/p/DXAM6Y8FCi1/,https://scontent-iad3-1.cdninstagram.com/v/t39.30808-6/671275715_2759697257712586_2568883731477008592_n.jpg?stp=dst-jpg_e35_tt6&_nc_cat=110&ccb=7-5&_nc_sid=18de74&efg=eyJlZmdfdGFnIjoiRkVFRC5iZXN0X2ltYWdlX3VybGdlbi5DMyJ9&_nc_ohc=xGjq0DbiMecQ7kNvwEEOYGY&_nc_oc=AdpkOx0wp5l9Qt6RECilcu2RrXT_2ZVnY9_jZP9EZwXy7v4Ns7883XEP4HknWP_1CwY&_nc_zt=23&_nc_ht=scontent-iad3-1.cdninstagram.com&edm=ANo9K5cEAAAA&_nc_gid=ye9r3NpxNfLFTXgfOxDV8g&_nc_tpa=Q5bMBQLFiLpWYBjZaP50JG0dPC9iRDy8aHQqwRuupdNqFZfdwOPfTQHZQu5QXw5O_BrstIULVYAQbnrpqA&oh=00_AQE5mvvo5CkLHn4rd34-2U0L2z1ey-NaArpev5sg-L6uVA&oe=6A817E78,,2026-04-11T19:29:36+0000,0,0,"Your network is your net worth, but your actions define your legacy. 💎

Grateful to be leading the marketing front at engineersTech , where we turn technical complexity into business growth. 📈

Skills. Mindset. Network. Action. Which one are you focusing on this week?
#Entrepreneurship #SuccessMindset #Legacy #TechLeaders #LinkedInNetworking #EngineersTech"
18457159801104138,VIDEO,REELS,https://www.instagram.com/reel/DWsYJstlHPX/,https://scontent-iad3-2.cdninstagram.com/o1/v/t2/f2/m412/AQMVF8B66jw-05tyXXvISU00LQAg9WXkZyowJ3SdFPVYUAjkezc_WFdFF9YtFy-s-Z_FKLLOpRlPpfy2rVc6KPIjWj-DYp0uSq74lFtNMQ.mp4?_nc_cat=103&_nc_sid=8bf8fe&_nc_ht=scontent-iad3-2.cdninstagram.com&_nc_ohc=TczEQ3qO3o0Q7kNvwG8JWTm&efg=eyJ2ZW5jb2RlX3RhZyI6Inhwdl9wcm9ncmVzc2l2ZS5JTlNUQUdSQU0uQ0xJUFMuQzMuMzYwLnN2ZV9zZCIsInhwdl9hc3NldF9pZCI6MTY3NTYxNjM5MDI1ODM0NSwiYXNzZXRfYWdlX2RheXMiOjEyOSwidmlfdXNlY2FzZV9pZCI6MTAxMjMsImR1cmF0aW9uX3MiOjUsInVybGdlbl9zb3VyY2UiOiJ3d3cifQ%3D%3D&ccb=17-1&_nc_gid=ye9r3NpxNfLFTXgfOxDV8g&edm=ANo9K5cEAAAA&_nc_zt=28&_nc_tpa=Q5bMBQLVZWv_vmkVfBU4lhroIFz8YcWFdnXdjYzCt596_o1TJZ5h2HnYlUMMu7-PX4_3nsczXpKyyTdbvw&oh=00_AQGZf_mxNTBOWzi3afpU0ZLgfdcIn3Xpe6voTK9K2Aq9Gg&oe=6A81A2BF,https://scontent-iad3-1.cdninstagram.com/v/t15.5256-10/664100452_953324263744711_482611465609397773_n.jpg?stp=dst-jpg_e35_tt6&_nc_cat=101&ccb=7-5&_nc_sid=18de74&efg=eyJlZmdfdGFnIjoiQ0xJUFMuYmVzdF9pbWFnZV91cmxnZW4uQzMifQ%3D%3D&_nc_ohc=5eFsTuyLu3sQ7kNvwHp9VsF&_nc_oc=AdpAw9R6YjLnIkZDPiAbw5LwaaMQzsKMQht-tRGpupi7bQp8TyANai9Hn8boNivErnw&_nc_zt=23&_nc_ht=scontent-iad3-1.cdninstagram.com&edm=ANo9K5cEAAAA&_nc_gid=ye9r3NpxNfLFTXgfOxDV8g&_nc_tpa=Q5bMBQLbfGCKmdUaNoDkccuLiKutdUBRvylZAxmGKcXUtQYR69DX-bC5DW7AhQqxamykfxP_bbzf-qHRFw&oh=00_AQHN2ed-662e_QtQ1pgFNaTrMh5w8S0Aj8IxWoS1ywwg8g&oe=6A81AF24,2026-04-04T02:43:02+0000,1,0,"Contact engineersTech to learn more 

#meta #metaads #GoogleAdsense #website #wordpress"
18097531070291712,VIDEO,REELS,https://www.instagram.com/reel/DWmxHm0FjyB/,https://scontent-iad3-2.cdninstagram.com/o1/v/t2/f2/m412/AQMzqs58qMDa6geMkmtM93nFId8TpE7WR1iU3teMo68ERTl1J7AsSyWPUFPdIcLGMBd0TDm6zQNIe4zcaykuKT2nZRbWawW2_OjUjtZEy4wabg.mp4?_nc_cat=111&_nc_sid=5e9851&_nc_ht=scontent-iad3-2.cdninstagram.com&_nc_ohc=VTQbeoksELwQ7kNvwFT-wK9&efg=eyJ2ZW5jb2RlX3RhZyI6Inhwdl9wcm9ncmVzc2l2ZS5JTlNUQUdSQU0uQ0xJUFMuQzMuMTA4MC5kYXNoX2gyNjQtYmFzaWMtZ2VuMl8xMDgwcCIsInhwdl9hc3NldF9pZCI6MTQ4NTM2NzUyNjUyOTY3NiwiYXNzZXRfYWdlX2RheXMiOjEzMiwidmlfdXNlY2FzZV9pZCI6MTA4MjUsImR1cmF0aW9uX3MiOjE2LCJ1cmxnZW5fc291cmNlIjoid3d3In0%3D&ccb=17-1&vs=bde5476788bd8dd9&_nc_vs=HBksFQIYRWZiX3Blcm1hbmVudC85QjQzRTNFQTExRUU3QjZFNzA0MzExM0EwRTQ3QzM5Q19tdF8xX3ZpZGVvX2Rhc2hpbml0Lm1wNBUAAsgBEgAVAhhAZmJfcGVybWFuZW50L0JCNDE1MjYxOTM5NDMxMEI2NTI5NDIwRDA5OUZFQkFGX2F1ZGlvX2Rhc2hpbml0Lm1wNBUCAsgBEgAoABgAGwKIB3VzZV9vaWwBMRJwcm9ncmVzc2l2ZV9yZWNpcGUBMRUAACaY6ry84rujBRUCKAJDMywXQDAqfvnbItEYGmRhc2hfaDI2NC1iYXNpYy1nZW4yXzEwODBwEQB1_gdlkqkBAA&_nc_gid=ye9r3NpxNfLFTXgfOxDV8g&edm=ANo9K5cEAAAA&_nc_zt=28&_nc_tpa=Q5bMBQIFh65ZfsOCUvB1kkbs2K6ZPRuuygleKQvOE1m-Mv-1MG5Af8u7mrrMCg3nzI5X1NkURq2v_ytzgA&oh=00_AQHDLV5WMYneQgchXgoE-KRcD9_8JLx1zw0__GvbBRbgEg&oe=6A8179A9,https://scontent-iad3-2.cdninstagram.com/v/t15.5256-10/661429091_1321430156706824_1548451076063421503_n.jpg?stp=dst-jpg_e35_tt6&_nc_cat=105&ccb=7-5&_nc_sid=18de74&efg=eyJlZmdfdGFnIjoiQ0xJUFMuYmVzdF9pbWFnZV91cmxnZW4uQzMifQ%3D%3D&_nc_ohc=DVFiuXkbkJ0Q7kNvwFsyzbu&_nc_oc=AdorYl8J53UQ4Ee6acsHjxWv8yYqL-PXN5YEymLjhPl0exli4Ua3U3BFj4D6iwdZBN4&_nc_zt=23&_nc_ht=scontent-iad3-2.cdninstagram.com&edm=ANo9K5cEAAAA&_nc_gid=ye9r3NpxNfLFTXgfOxDV8g&_nc_tpa=Q5bMBQIHM5c1jqFxNyUzOpzP0zvoH-eVND-aWpnUnk8QB22z_JpPvm1ptIidiVa5TMyKjr7dVAKSHhC4XA&oh=00_AQG3r6WhZ_HDz6aOfAe2i1_VQpbAG6GbHBhDiaT-1JYWeQ&oe=6A8177A4,2026-04-01T22:25:50+0000,1,0,"Is your current software holding you back?

 At engineersTech , we specialize in bridging the gap between aging infrastructure and modern efficiency. Whether you need to breathe new life into existing systems or build a custom solution from the ground up, we deliver the automation your business needs to scale.

🔄 Modernize Your Legacy Systems

Don’t let old software be a bottleneck. We identify the ""missing links"" in your current setup and integrate smart automation to:

Eliminate repetitive manual tasks.
Sync data across your existing platforms.
Increase operational speed without replacing your entire tech stack.

🛠️ Tailored Solutions from Scratch

Every industry has unique DNA. We develop customized ERP, CRM, and POS systems designed specifically for your dedicated business category—built from scratch to fit your exact workflow."
17936515581197554,VIDEO,REELS,https://www.instagram.com/reel/DWkCVYcmfB3/,https://scontent-iad3-2.cdninstagram.com/o1/v/t2/f2/m412/AQOBh0GW7suxvCVMzLXNPfcEcT4AP3Yfw-0IxfgZoP09DRbI8YsbPzwFA_Gs6bWmAcmauw8rWpudzIIv1Dt8JnABDsxVXVknLZMLtNH1qQ.mp4?_nc_cat=103&_nc_sid=8bf8fe&_nc_ht=scontent-iad3-2.cdninstagram.com&_nc_ohc=JX4G4tqf6hsQ7kNvwEVu7zU&efg=eyJ2ZW5jb2RlX3RhZyI6Inhwdl9wcm9ncmVzc2l2ZS5JTlNUQUdSQU0uQ0xJUFMuQzMuMzYwLnN2ZV9zZCIsInhwdl9hc3NldF9pZCI6MTQ4MzM0MzcyMDExMjk5MiwiYXNzZXRfYWdlX2RheXMiOjEzMywidmlfdXNlY2FzZV9pZCI6MTAxMjMsImR1cmF0aW9uX3MiOjUsInVybGdlbl9zb3VyY2UiOiJ3d3cifQ%3D%3D&ccb=17-1&_nc_gid=ye9r3NpxNfLFTXgfOxDV8g&edm=ANo9K5cEAAAA&_nc_zt=28&_nc_tpa=Q5bMBQKSucMUxZ2std8SNLb653iFEbsNsuH1z6EANju5pZcUKaI2cyegtI0vxzX5-2wt-P9rgjK_EZdVfA&oh=00_AQENlvwLFyj5RThRwooCfyoNORxs9hyTel0PGLPGpBQ2dg&oe=6A819C47,https://scontent-iad3-2.cdninstagram.com/v/t15.5256-10/662579411_1970324537693580_6815301593973513423_n.jpg?stp=dst-jpg_e35_tt6&_nc_cat=105&ccb=7-5&_nc_sid=18de74&efg=eyJlZmdfdGFnIjoiQ0xJUFMuYmVzdF9pbWFnZV91cmxnZW4uQzMifQ%3D%3D&_nc_ohc=gFx_vDiZ1tQQ7kNvwFpU2Rl&_nc_oc=Adr4GH35pUB45srF8B_tMRVKeRZHE4VlBjd3ubloWMWzQQNLHhWMCtL9mNMVgm_hnJM&_nc_zt=23&_nc_ht=scontent-iad3-2.cdninstagram.com&edm=ANo9K5cEAAAA&_nc_gid=ye9r3NpxNfLFTXgfOxDV8g&_nc_tpa=Q5bMBQJgoT_nK0R6akfI5B0F-jbWfiwJZtQb5OK54K8vvklj494YsTRV2zyJsfqtNF08hWad8e-9g93jvA&oh=00_AQH5GtOzS-8lLpJ9BfyWeJW0V2IGGoOfRVPw83fvacQvMw&oe=6A81A13E,2026-03-31T20:58:31+0000,2,0,"A client came to us last month. They had a $50k/month marketing budget but conversion rates were stuck at 0.5%.

The marketing team thought it was the copy. The sales team thought it was the price.

We ran a Lighthouse audit. The mobile score was 34.

We spent the week in the codebase:

· Replaced the page builder bloat with custom blocks
· Implemented Redis object caching
· Optimized asset loading to eliminate render-blocking JS

The result? Mobile score went to 92. Conversion rate tripled. Effective CPA dropped by 60%.

We documented the exact technical roadmap we used. If your marketing budget is fighting against your site architecture, this is worth the read.

engineersTech 

#CaseStudy #WordPress #FullStackDev #ConversionOptimization #engineering"
18127863169561638,IMAGE,FEED,https://www.instagram.com/p/DWfFslHk1wO/,https://scontent-iad6-1.cdninstagram.com/v/t51.82787-15/657334805_17983363136976701_6538073306375252324_n.heic?stp=dst-jpg_e35_tt6&_nc_cat=102&ccb=7-5&_nc_sid=18de74&efg=eyJlZmdfdGFnIjoiRkVFRC5iZXN0X2ltYWdlX3VybGdlbi5DMyJ9&_nc_ohc=jsSUZyVCCxwQ7kNvwHSHl7Y&_nc_oc=AdpxVThuCMigE32he_Y2XgZrxl0bImAeHgbeHLflztQ9RFoa2pNYy-RPrJQY7daqMJ8&_nc_zt=23&_nc_ht=scontent-iad6-1.cdninstagram.com&edm=ANo9K5cEAAAA&_nc_gid=A1LHpA9IQy-BBYMhSDC5bg&_nc_tpa=Q5bMBQJTnqtQjrVMLRV_bt4IoFNbM7MmXzAe2MZUCj-KsPrCMUQah13OdJubHVQGhtneLVvsvwCiEvAFLg&oh=00_AQG8sqKN86G2r7K12NrE_Dl7TKbOiVd7u_co5Al9OM_rkA&oe=6A8177EF,,2026-03-29T22:51:39+0000,3,0,"🚀 Hiring: Expert Software Sales & Marketing Executives

We are looking for 10 driven professionals to join the engineersTech team and help us scale our smart solutions.

Requirements:

Experience: Minimum 1 year in software and website corporate sales.
Strong communication and networking skills.

Proven track record in B2B marketing.

How to Apply:

📧 Email your CV to: junaeid@engineerstechbd.com
📞 Contact: +880-1873722228

Join us and be part of a team that’s #DrivenByEngineers.

#Hiring #SoftwareSales #CorporateMarketing #EngineersTech Career TechJobs SalesExecutive"
18098194651809411,VIDEO,REELS,https://www.instagram.com/reel/DWXBJEdE_cp/,https://scontent-iad3-1.cdninstagram.com/o1/v/t2/f2/m86/AQPZSzI3pXBhxGrZ_XnI3oNtIk3ZpKbDVF01KpBHvjEkRWcsb0QZGpjrXmHCTaeVKRVkTjXsCy76ZzBg2bgKgnHLRWDZAjmXCTjOAQo.mp4?_nc_cat=110&_nc_sid=5e9851&_nc_ht=scontent-iad3-1.cdninstagram.com&_nc_ohc=Ue16mrbeqVwQ7kNvwFqxXf_&efg=eyJ2ZW5jb2RlX3RhZyI6Inhwdl9wcm9ncmVzc2l2ZS5JTlNUQUdSQU0uQ0xJUFMuQzMuMzYwLmRhc2hfYmFzZWxpbmVfM192MSIsInhwdl9hc3NldF9pZCI6MTc5NTY1MjkwODgxMDE2ODYsImFzc2V0X2FnZV9kYXlzIjoxMzgsInZpX3VzZWNhc2VfaWQiOjEwMDk5LCJkdXJhdGlvbl9zIjoxMiwidXJsZ2VuX3NvdXJjZSI6Ind3dyJ9&ccb=17-1&vs=3f196448efe681a7&_nc_vs=HBksFQIYUmlnX3hwdl9yZWVsc19wZXJtYW5lbnRfc3JfcHJvZC83NDQxMEIyQjFEQTkwRjFFRjYzNzhGRDc0OEE5QTI5N192aWRlb19kYXNoaW5pdC5tcDQVAALIARIAFQIYUWlnX3hwdl9wbGFjZW1lbnRfcGVybWFuZW50X3YyLzkyNDc0REJDN0VGOTg3RTA3OTY5REYwRTVGNUJGNkFBX2F1ZGlvX2Rhc2hpbml0Lm1wNBUCAsgBEgAoABgAGwKIB3VzZV9vaWwBMRJwcm9ncmVzc2l2ZV9yZWNpcGUBMRUAACbs9I-bx9flPxUCKAJDMywXQCkAAAAAAAAYEmRhc2hfYmFzZWxpbmVfM192MREAdf4HZeadAQA&_nc_gid=A1LHpA9IQy-BBYMhSDC5bg&edm=ANo9K5cEAAAA&_nc_zt=28&_nc_tpa=Q5bMBQK8ffOuEGBBKIx8S_vNCdIGMgy8h7Xqd4yauR5CGQ_F8jqfb-iWlkQiP-iRYUP51o5NIJXWXk3OvQ&oh=00_AQG65bC2WzfWeaoBbc9-ajhtXxBKUmShs0IJm8Gq4Vfivg&oe=6A7DB7B3,https://scontent-iad3-2.cdninstagram.com/v/t51.82787-15/658943570_17982937508976701_8884797007926068522_n.jpg?stp=dst-jpg_e35_tt6&_nc_cat=103&ccb=7-5&_nc_sid=18de74&efg=eyJlZmdfdGFnIjoiQ0xJUFMuYmVzdF9pbWFnZV91cmxnZW4uQzMifQ%3D%3D&_nc_ohc=-QvNFQt-5EsQ7kNvwHS6zjj&_nc_oc=AdrQDv8geuWDiP9FqWbd_PnfxnEHKPnR6CDm_Kgj9WL4hIsEM0bH95xwta4ZK_iudKc&_nc_zt=23&_nc_ht=scontent-iad3-2.cdninstagram.com&edm=ANo9K5cEAAAA&_nc_gid=A1LHpA9IQy-BBYMhSDC5bg&_nc_tpa=Q5bMBQLdpiYhjtZacWF-Tl68o5CXoQussxgwrgnV67ywPULUFALWxMQNHFTmGV-KxHbvtbwW_hwFcUTXTg&oh=00_AQF4TKnhCec8ASyyZM8kgU1S9lw-OfqDM2SC_TA8pz2DeA&oe=6A81910C,2026-03-26T19:38:59+0000,1,1,"Most businesses lose customers because of a weak digital experience. Don’t be one of them. ❌
We specialize in AI-integrated growth tools and custom software that solve real-world operational problems. If you're looking for global-standard tech support that understands your vision, you’re in the right place.

#drivenbyengineers #software #engineerstech #business"
18113885842663322,IMAGE,FEED,https://www.instagram.com/p/DWPQsz3DfCJ/,https://scontent-iad3-1.cdninstagram.com/v/t39.30808-6/656680374_813147648473258_5291262374621514002_n.jpg?stp=dst-jpg_e35_tt6&_nc_cat=104&ccb=7-5&_nc_sid=18de74&efg=eyJlZmdfdGFnIjoiRkVFRC5iZXN0X2ltYWdlX3VybGdlbi5DMyJ9&_nc_ohc=rAmxpXTNGrMQ7kNvwEU8xHv&_nc_oc=Adq02HgiKMIU9ehym2hQcmG8AzimLdcb4PR27wZc7ZJWkofxUV5N0WmK-6zey0QnR6E&_nc_zt=23&_nc_ht=scontent-iad3-1.cdninstagram.com&edm=ANo9K5cEAAAA&_nc_gid=A1LHpA9IQy-BBYMhSDC5bg&_nc_tpa=Q5bMBQLmiNzDcag8dsWM1zRn1lFOL-QtEBdBUGsk1VCJKxdA14htBDA1A82HdjegVrD6aKj35oInQajFQg&oh=00_AQGKjC6tAFQxZI6FNFpBG28jsocK-7ML8SUFjgp4IizoTg&oe=6A81A4F6,,2026-03-23T19:19:55+0000,0,0,"🚦Are you a founder of startup or want to invest for startup business?

engineersTech Launches a Trust‑First Platform for Fast Startup‑Investor Matching – Free to Start 🎉❤️

🔥 Finding the right investor shouldn’t take months of cold emails. engineersTech is solving that with – a platform that matches founders with investors fast, and starts free.

👇 Check out the comment for details
#engineerstech  #startupfunding  #investormatching  #FastMatching #freetrial  #trustininvestment  #fund"
18089599795934450,IMAGE,FEED,https://www.instagram.com/p/DWHEQwomQU5/,https://scontent-iad3-2.cdninstagram.com/v/t51.82787-15/655184743_18028049309636351_4840864918799621857_n.heic?stp=dst-jpg_e35_tt6&_nc_cat=103&ccb=7-5&_nc_sid=18de74&efg=eyJlZmdfdGFnIjoiRkVFRC5iZXN0X2ltYWdlX3VybGdlbi5DMyJ9&_nc_ohc=GvadkyEyGekQ7kNvwHBS01r&_nc_oc=AdrOlqkrX-9aS0thsCNcSgoLfG507615s5C4oY7NpLyEjVfLyl12eBeOjQ21dSdY3e4&_nc_zt=23&_nc_ht=scontent-iad3-2.cdninstagram.com&edm=ANo9K5cEAAAA&_nc_gid=A1LHpA9IQy-BBYMhSDC5bg&_nc_tpa=Q5bMBQJ4f7bcY4ey9MxHKThuP8rVuB6c-0riX_sh2tKnAe6d7SHlf5G5syfnwqagqi3n7Rd8_46ix_F7qA&oh=00_AQFWGkGdcVHE3wiylpeZKxRmXDR0qLXAoHmVYHMiDvhNWw&oe=6A8199F8,,2026-03-20T14:57:17+0000,1,0,"✨ Happy Eid Mubarak!

From the glowup platform by engineersTech, we extend our warmest wishes to all salon owners, parlors, stylists, and beauty professionals.

“May this sacred celebration bring harmony, success, and peace to your life.”

Let’s grow your beauty business with smart digital solutions—custom apps, vendor dashboards, and seamless automation.

📲 Visit us: glowupbd.app
🌐 engineerstechbd.com

#EidMubarak #GlowupPlatform #BeautyBusiness #SalonTech #EngineersTech"
17894551398286669,VIDEO,REELS,https://www.instagram.com/reel/DWHDBd6EThl/,https://scontent-iad6-1.cdninstagram.com/o1/v/t2/f2/m86/AQMP0-B69-jQIQz1Uf-ZTkXCfOXp66VcI2P92RxY0OjqIhxAaRjnf8BaGBRDYS0e7nmhYU_Z9YtHFbKC0yR6fc4.mp4?_nc_cat=109&_nc_sid=5e9851&_nc_ht=scontent-iad6-1.cdninstagram.com&_nc_ohc=nHVV0bgsxjgQ7kNvwHx2M_6&efg=eyJ2ZW5jb2RlX3RhZyI6Inhwdl9wcm9ncmVzc2l2ZS5JTlNUQUdSQU0uQ0xJUFMuQzMuNTQwLmRhc2hfYmFzZWxpbmVfM192MSIsInhwdl9hc3NldF9pZCI6MTc5NTQ4NTk0NzcxMDE2ODYsImFzc2V0X2FnZV9kYXlzIjoxNDQsInZpX3VzZWNhc2VfaWQiOjEwMDk5LCJkdXJhdGlvbl9zIjo4LCJ1cmxnZW5fc291cmNlIjoid3d3In0%3D&ccb=17-1&vs=6bd40203d2726ea8&_nc_vs=HBksFQIYRmlnX3hwdl9yZWVsc19wZXJtYW5lbnRfc3JfcHJvZC84MDAyNjg4MDU5NjI2MzlfMjc0OTUyODAzMzg5ODg2Njg3My5tcDQVAALIARIAFQIYUWlnX3hwdl9wbGFjZW1lbnRfcGVybWFuZW50X3YyL0Q0NEQ2OTI1RjlCQkQwNEE4NjM5MTUxOUE0ODI1QUIzX2F1ZGlvX2Rhc2hpbml0Lm1wNBUCAsgBEgAoABgAGwKIB3VzZV9vaWwBMRJwcm9ncmVzc2l2ZV9yZWNpcGUBMRUAACbssf_Rr_bkPxUCKAJDMywXQCAqfvnbItEYEmRhc2hfYmFzZWxpbmVfM192MREAdf4HZeadAQA&_nc_gid=A1LHpA9IQy-BBYMhSDC5bg&edm=ANo9K5cEAAAA&_nc_zt=28&_nc_tpa=Q5bMBQLlN5p6JrDfG9L5uuCBSdQWBBhwJ6_pwoYGoA632DAbc8xTCab_CkOatYRGEaj2JN-g9QFbRqNakw&oh=00_AQF1Qs9ltstqZmPN8xofnWc3WOUqAIHijN6_utAcUrAWQQ&oe=6A7DA477,https://scontent-iad3-1.cdninstagram.com/v/t51.71878-15/655148680_1474234764369847_2299961986596840097_n.jpg?stp=dst-jpg_e35_tt6&_nc_cat=104&ccb=7-5&_nc_sid=18de74&efg=eyJlZmdfdGFnIjoiQ0xJUFMuYmVzdF9pbWFnZV91cmxnZW4uQzMifQ%3D%3D&_nc_ohc=kFrlD3VbW08Q7kNvwGekjI5&_nc_oc=AdoJWtrSFr_P9-uUx5HsVjl999DNCvJhxpo1h2nw4tVYlBBE0BktnfFSLtubXqA289I&_nc_zt=23&_nc_ht=scontent-iad3-1.cdninstagram.com&edm=ANo9K5cEAAAA&_nc_gid=A1LHpA9IQy-BBYMhSDC5bg&_nc_tpa=Q5bMBQKCxqcQyEK4SJsgxFHUs7HWnQVOnLQoCxZEPBZXqg-bw3eUKgHG25NIya_xkH7FqjvNlVEiZL843A&oh=00_AQEyJgbYV70714ZLakqZF2KwJ88Ym2oWN0fkfuosH4lXPQ&oe=6A81A90C,2026-03-20T14:47:49+0000,1,0,"🌙 Eid Ul-Fitr Mubarak!

Warm wishes from the team at engineersTech.

This Eid, let us be your partner in transforming your business through digital innovation.

✅ Custom web & mobile apps
✅ Marketplace platforms (like GlowUpBD.app)
✅ Vendor dashboards, automation & cloud solutions
✅ End-to-end development with round-the-clock support

Your idea — our code.
Reliable automation for any business.

📧 info@engineerstechbd.com
🌐 engineerstechbd.com

Wishing you a blessed Eid Ul-Fitr 2026 🌙✨
#eidmubarak❤ #eid2026❤️ #engineerstech"
18309899584258468,IMAGE,FEED,https://www.instagram.com/p/DWGrhpYGbC8/,https://scontent-iad3-1.cdninstagram.com/v/t51.82787-15/654024822_18028013702636351_7159029615166397254_n.heic?stp=dst-jpg_e35_tt6&_nc_cat=110&ccb=7-5&_nc_sid=18de74&efg=eyJlZmdfdGFnIjoiRkVFRC5iZXN0X2ltYWdlX3VybGdlbi5DMyJ9&_nc_ohc=lhf1d3tQpuEQ7kNvwG2dspm&_nc_oc=AdqYDALdk-BEOS9Va38PCY5H0w0eSgARKaKcsMYCqFl2Vh8Z8veIb5Bv3KZJ8Upc-AE&_nc_zt=23&_nc_ht=scontent-iad3-1.cdninstagram.com&edm=ANo9K5cEAAAA&_nc_gid=A1LHpA9IQy-BBYMhSDC5bg&_nc_tpa=Q5bMBQIrd9kzfMrw0Snz7lTfOGX0GK63gU9Uix5TiADcLvu_ul_GWRw73gyFzl3EGZ4NFqFL1GSCAtEUlQ&oh=00_AQHKPB8oULddaF_jElfgB-sBrhgGpEQwBrNcQhuPK6KsqA&oe=6A819ECD,,2026-03-20T11:21:09+0000,0,0,"📢 মনোযোগ দিন সেলুন/পার্লার মালিক!

আপনার পুরো ব্যবসা একটি ড্যাশবোর্ড থেকে পরিচালনা করতে চান? গ্লো আপের ভেন্ডর ড্যাশবোর্ড আপনার জন্য এক সমাধান।

আমাদের ব্লগে জানুন বিস্তারিত:
📊 ওভারভিউ – আয়, বুকিং, রিভিউ এক নজরে
📅 বুকিং ও অর্ডার – কোনো অ্যাপয়েন্টমেন্ট মিস হবে না
💇 সার্ভিস ও ভ্যারিয়েশন – আলাদা মূল্য, আলাদা সময়
👥 স্টাইলিস্ট ব্যবস্থাপনা – টিমকে অ্যাসাইন ও ট্র্যাক করুন
🛍️ প্রোডাক্ট ও ইনভেন্টরি – আত্মবিশ্বাসের সাথে বিক্রি করুন
🧾 পিওএস – দোকানে সহজ লেনদেন
💝 লয়ালটি প্রোগ্রাম – পুরস্কৃত করুন বারবার আসা গ্রাহকদের
🎟️ কুপন ও প্রমোশন – নতুন গ্রাহক আকর্ষণ করুন
💰 লেনদেন, পেআউট, ব্যাংক অ্যাকাউন্ট – আয়ের সম্পূর্ণ হিসাব
📈 রিপোর্ট – তথ্যের ভিত্তিতে সিদ্ধান্ত
📝 ব্লগ ও মার্কেটিং – নিজের ব্র্যান্ড তৈরি করুন

👉 বিস্তারিত পড়ুন ও জানুন কীভাবে গ্লো আপ আপনার বিউটি ব্যবসা বাড়াতে পারে:
 
🔗 লিংক কমেন্টে 

ফ্রিতে শুরু করুন – আজই নিবন্ধন করুন

💬 কোনো প্রশ্ন থাকলে কমেন্টে জানান!

#salonowner #glowup #bdsalon #parlor #hairtransformatıon"
17998867628869543,IMAGE,FEED,https://www.instagram.com/p/DV_JNFMmSib/,https://scontent-iad3-1.cdninstagram.com/v/t51.82787-15/653693041_18027386417636351_9082874942844014710_n.heic?stp=dst-jpg_e35_tt6&_nc_cat=101&ccb=7-5&_nc_sid=18de74&efg=eyJlZmdfdGFnIjoiRkVFRC5iZXN0X2ltYWdlX3VybGdlbi5DMyJ9&_nc_ohc=TpNgIkeN3YgQ7kNvwE96gWX&_nc_oc=Adoht6oKYICsi5uIQUnuiGGwigsfsh4SQ_FwjGWmbgg-TEiT4yYuFrQcEhgR2b9NGVA&_nc_zt=23&_nc_ht=scontent-iad3-1.cdninstagram.com&edm=ANo9K5cEAAAA&_nc_gid=A1LHpA9IQy-BBYMhSDC5bg&_nc_tpa=Q5bMBQJ5S52B4B3qX_T_DbY5BbGGmM8yFTyOX-OTbe5TP2MjWWMbZSAdZMKnbbjMBHhGZsJkiY4kmXkyJg&oh=00_AQHzXW2V7-6P_FwqeRf2bwNhCydW_qlC2SVgc7HJbcBOzw&oe=6A81A0A2,,2026-03-17T13:06:33+0000,1,0,"🇧🇩🔥 বাংলাদেশের টপ বিউটি পার্লার, হেনা আর্টিস্ট ও বিউটি প্রোডাক্ট লিস্টিং এর একমাত্র প্ল্যাটফর্মের মাধ্যমে নতুন গ্রাহকদের কাছে পৌঁছান।  আপনার ব্যবসা প্রসারিত করুন। এখনই ফ্রি সাইন আপ করুন।
Made with 💙 by engineersTech 

#business  #salonowners  #hennaartists  #beautyprofessional #bangladesh"
18082357901582529,VIDEO,REELS,https://www.instagram.com/reel/DVetnO5k-ds/,https://scontent-iad3-2.cdninstagram.com/o1/v/t2/f2/m86/AQMX9_TpjuK5vq9O_Qmb8D1ht47PHgv24H0tHcmcLLn_k10pmmLwyKb0KPR7KtfVCzj4ZcKOYFZ1Bkqty2S8JYc.mp4?_nc_cat=111&_nc_sid=5e9851&_nc_ht=scontent-iad3-2.cdninstagram.com&_nc_ohc=DyJtJGw3sOwQ7kNvwGSJ737&efg=eyJ2ZW5jb2RlX3RhZyI6Inhwdl9wcm9ncmVzc2l2ZS5JTlNUQUdSQU0uQ0xJUFMuQzMuMzgwLmRhc2hfYmFzZWxpbmVfM192MSIsInhwdl9hc3NldF9pZCI6MTc5NTEwMDQ0MTExMDE2ODYsImFzc2V0X2FnZV9kYXlzIjoxNjAsInZpX3VzZWNhc2VfaWQiOjEwMDk5LCJkdXJhdGlvbl9zIjo1LCJ1cmxnZW5fc291cmNlIjoid3d3In0%3D&ccb=17-1&vs=17951b7005f2aa76&_nc_vs=HBkcFQIYRmlnX3hwdl9yZWVsc19wZXJtYW5lbnRfc3JfcHJvZC83ODgzNTU1MzM4MjE0OTdfOTA2ODY5MjQ2NTMyNDE2Nzk3NS5tcDQVAALIARIAKAAYABsCiAd1c2Vfb2lsATEScHJvZ3Jlc3NpdmVfcmVjaXBlATEVAAAm7IfIlP2V4z8VAigCQzMsF0AUIcrAgxJvGBJkYXNoX2Jhc2VsaW5lXzNfdjERAHX-B2XmnQEA&_nc_gid=A1LHpA9IQy-BBYMhSDC5bg&edm=ANo9K5cEAAAA&_nc_zt=28&_nc_tpa=Q5bMBQJITNyOLxEvj6k83EqsXvs_QZPJlVgx-HShUgxLvTqKP5iCt0sEezuqvk3DOEvJyXGiTCHp-HqOIQ&oh=00_AQFeOVoEXXHLRlzoOcmcCCLDbAJWT4rWOU6rKR3g_fzQJg&oe=6A7DAE61,https://scontent-iad3-1.cdninstagram.com/v/t51.82787-15/645513064_17979928052976701_6929756621552150682_n.jpg?stp=dst-jpg_e35_tt6&_nc_cat=110&ccb=7-5&_nc_sid=18de74&efg=eyJlZmdfdGFnIjoiQ0xJUFMuYmVzdF9pbWFnZV91cmxnZW4uQzMifQ%3D%3D&_nc_ohc=VhqtfInz5jEQ7kNvwFsO-Lj&_nc_oc=Ado32AzRdvziZ7CT23dDVi-Pyl38UBU6KN75Raz2nmrZmM-Y4lhAyEz1SLyrwQFFsSg&_nc_zt=23&_nc_ht=scontent-iad3-1.cdninstagram.com&edm=ANo9K5cEAAAA&_nc_gid=A1LHpA9IQy-BBYMhSDC5bg&_nc_tpa=Q5bMBQL_vmUvXtIX1HhadcqjTEXW5hKnLcwpCtw-5ozHwpBkTim8WU4l8J6W2YRFfdHDMXT_h4FiFhnWDw&oh=00_AQFWiQx5Td1lh921uaa-2nITwwx1zSkZnD5GEEYSjvF9yQ&oe=6A819732,2026-03-04T22:54:48+0000,1,0,"🚀 🔥 glowup এ জয়েন করুন! বিউটি বিজনেস, দক্ষতাকে নেক্সট লেভেলে নিয়ে যান

Made with 💙 by @engineerstech_bd (e-Cab registered)

✅ সেলন, স্টাইলিস্ট, হেনা আর্টিস্ট, বিউটি ট্রেইনার্স ও প্রোডাক্ট সেলারের জন্য পারফেক্ট সলিউশন

👉 সেলন মালিক, স্টাইলিস্ট ও বিউটি ভেন্ডরদের জন্য:
- অনলাইন বুকিং ও পেমেন্ট
- মাল্টি-ব্রাঞ্চ ম্যানেজমেন্ট
- বিল্ট-ইন POS
- ইনভেন্টরি ম্যানেজমেন্ট
- স্টাফ ও শিফট ম্যানেজমেন্ট
- মার্কেটিং টুলস
- রিপোর্টস ও অ্যানালিটিক্স
- ইভেন্ট ম্যানেজমেন্ট
- সার্ভিস ও অ্যাপয়েন্টমেন্ট ম্যানেজমেন্ট
- অনলাইনে প্রোডাক্ট সেল & আরও!

🔥 ফ্রি রেজিস্ট্রেশন, ফুল ফিচার টেস্ট করুন  ওয়েবসাইট থেকে।

🔗 https://glowupbd.app/vendor/register

কমেন্ট বা DM করুন হেল্প লাগলে! 🙌 

#glowup #stylish #salons #beautyblogger #bridal"
18068346578644910,VIDEO,REELS,https://www.instagram.com/reel/DVcop-xiWpL/,https://scontent-iad6-1.cdninstagram.com/o1/v/t2/f2/m86/AQNT_zBYb31TaH2p02JL88UjCqLZkaTbpBMUQnp1Os-BTfCfRwsx_cKDHfp8g7A1uVhWf6-3LMBpzbCyQqDieqPI.mp4?_nc_cat=100&_nc_sid=5e9851&_nc_ht=scontent-iad6-1.cdninstagram.com&_nc_ohc=4J1PAA5VJEEQ7kNvwGYWQTI&efg=eyJ2ZW5jb2RlX3RhZyI6Inhwdl9wcm9ncmVzc2l2ZS5JTlNUQUdSQU0uQ0xJUFMuQzMuMzYwLmRhc2hfYmFzZWxpbmVfM192MSIsInhwdl9hc3NldF9pZCI6MTc5NTA3OTI2OTIxMDE2ODYsImFzc2V0X2FnZV9kYXlzIjoxNjAsInZpX3VzZWNhc2VfaWQiOjEwMDk5LCJkdXJhdGlvbl9zIjoxMywidXJsZ2VuX3NvdXJjZSI6Ind3dyJ9&ccb=17-1&vs=78b500a3f2fcf795&_nc_vs=HBksFQIYR2lnX3hwdl9yZWVsc19wZXJtYW5lbnRfc3JfcHJvZC8zNTM2NDYxNTg5ODI3NDU4XzgzMjA5Nzg0NTU5NjY4MDgxODUubXA0FQACyAESABUCGFFpZ194cHZfcGxhY2VtZW50X3Blcm1hbmVudF92Mi9BMjRGRDkzOEExMzZFMjVDN0U5RDIwQ0I1MzJBQkU4M19hdWRpb19kYXNoaW5pdC5tcDQVAgLIARIAKAAYABsCiAd1c2Vfb2lsATEScHJvZ3Jlc3NpdmVfcmVjaXBlATEVAAAm7MjL3dOJ4z8VAigCQzMsF0ArRBiTdLxqGBJkYXNoX2Jhc2VsaW5lXzNfdjERAHX-B2XmnQEA&_nc_gid=A1LHpA9IQy-BBYMhSDC5bg&edm=ANo9K5cEAAAA&_nc_zt=28&_nc_tpa=Q5bMBQJ6I5mVxR9LkpQZtMFvl0U1ePwT26KFAoJ1Wq6zfOa0nGThkpcnOHcd-PbKj8oYR6lO7QlAAzsWTw&oh=00_AQFPKXJwaVXSQRDHpmPO6spaScCYncYmtQRZuHVB8V9Q3g&oe=6A7D8B32,https://scontent-iad6-1.cdninstagram.com/v/t51.71878-15/642489697_1255211885946004_1633777095427846761_n.jpg?stp=dst-jpg_e35_tt6&_nc_cat=107&ccb=7-5&_nc_sid=18de74&efg=eyJlZmdfdGFnIjoiQ0xJUFMuYmVzdF9pbWFnZV91cmxnZW4uQzMifQ%3D%3D&_nc_ohc=PMVQkqvInLQQ7kNvwEH1EI7&_nc_oc=Ado_kA-4OU5-g6zIvvtGWsTarmP-zJ2TC57IyyLKpXx2v-1Dk6p-_MwiXTUgg0WL-ZY&_nc_zt=23&_nc_ht=scontent-iad6-1.cdninstagram.com&edm=ANo9K5cEAAAA&_nc_gid=A1LHpA9IQy-BBYMhSDC5bg&_nc_tpa=Q5bMBQIERKFWvJyzDea-5aiTPo9GVuFc1C83lV89nvvoTCDEXQSrt4AKxv2VsGh3lmyRj0XXT364oXqnUA&oh=00_AQFNLlSb0s1-8tqWzw1VvOIvbLpYFVEdkWtZTf_fyvasVg&oe=6A819C7D,2026-03-04T03:27:58+0000,1,0,#glowup #software #salons #stylish
17992999343873862,VIDEO,REELS,https://www.instagram.com/reel/DVOsfGsk4jF/,https://scontent-iad3-2.cdninstagram.com/o1/v/t2/f2/m86/AQNA7-nv8SXZXyTd6qY0qfe2tdNlExMYsiYmIWxtuaovE8CM4q2AKPe6HdjoyepO2NwbmGwJEVDBXzPX8DhK6ug.mp4?_nc_cat=111&_nc_sid=5e9851&_nc_ht=scontent-iad3-2.cdninstagram.com&_nc_ohc=jBkH_CKVGv4Q7kNvwF5H-0e&efg=eyJ2ZW5jb2RlX3RhZyI6Inhwdl9wcm9ncmVzc2l2ZS5JTlNUQUdSQU0uQ0xJUFMuQzMuMzYwLmRhc2hfYmFzZWxpbmVfM192MSIsInhwdl9hc3NldF9pZCI6MTc5NDk0ODY3MTQxMDE2ODYsImFzc2V0X2FnZV9kYXlzIjoxNjYsInZpX3VzZWNhc2VfaWQiOjEwMDk5LCJkdXJhdGlvbl9zIjoyMSwidXJsZ2VuX3NvdXJjZSI6Ind3dyJ9&ccb=17-1&vs=faba883276afc4e0&_nc_vs=HBksFQIYRmlnX3hwdl9yZWVsc19wZXJtYW5lbnRfc3JfcHJvZC84NjI5MTE3NDM0NjAwNDhfOTIwOTI3MDUwMTY3NTkwMjc2MS5tcDQVAALIARIAFQIYUWlnX3hwdl9wbGFjZW1lbnRfcGVybWFuZW50X3YyL0Q0NEI2MTY4OTcyMTU5NjY5NkJEOUE3OERFQTZGODlFX2F1ZGlvX2Rhc2hpbml0Lm1wNBUCAsgBEgAoABgAGwKIB3VzZV9vaWwBMRJwcm9ncmVzc2l2ZV9yZWNpcGUBMRUAACbs_vS30b3iPxUCKAJDMywXQDU7peNT988YEmRhc2hfYmFzZWxpbmVfM192MREAdf4HZeadAQA&_nc_gid=A1LHpA9IQy-BBYMhSDC5bg&edm=ANo9K5cEAAAA&_nc_zt=28&_nc_tpa=Q5bMBQI0JEKBX4QaD4fhKFbnu9ffpNRr5Qz2nfbPfzrd6We4GmoTLTFTauff0m2sTCyz5nXyBCROdt9aKA&oh=00_AQEvFGXlzIiv1fmVtzOSQ6Za9B7YP-NSoIxnAbozPjoVCQ&oe=6A7D94DD,https://scontent-iad3-2.cdninstagram.com/v/t51.71878-15/638906802_3844409892535517_6506875728836519300_n.jpg?stp=dst-jpg_e35_tt6&_nc_cat=103&ccb=7-5&_nc_sid=18de74&efg=eyJlZmdfdGFnIjoiQ0xJUFMuYmVzdF9pbWFnZV91cmxnZW4uQzMifQ%3D%3D&_nc_ohc=KEbkmFd9khwQ7kNvwGDLPdl&_nc_oc=AdrXe0bM2V8ktjkEsQLKMtJqrJywpR4extcd5wgA_dD9bBXg3PXvL_nGrYKypukBWWI&_nc_zt=23&_nc_ht=scontent-iad3-2.cdninstagram.com&edm=ANo9K5cEAAAA&_nc_gid=A1LHpA9IQy-BBYMhSDC5bg&_nc_tpa=Q5bMBQJlMJc5yPnDR4V3jlH6xzdQ7kwMVP2i9vaC2p65DPTIbkvhrBDe0Vf5uLmmLUd-NXvZb8VLP09MCA&oh=00_AQEz4cEXYTLu6X05xECOsQLXxjucp7Ce-Cf57e8QsnoNwg&oe=6A818433,2026-02-26T17:32:04+0000,0,0,"https://glowupbd.app 

Launching soon all your Beauty and salon needs in one platform 🩷 

Made By engineersTech #software #glowup #salons #stylish #bd"
18126083563547721,IMAGE,FEED,https://www.instagram.com/p/DU6BI8mk919/,https://scontent-iad3-2.cdninstagram.com/v/t51.82787-15/639509238_17978251385976701_2542429455875605137_n.heic?stp=dst-jpg_e35_tt6&_nc_cat=111&ccb=7-5&_nc_sid=18de74&efg=eyJlZmdfdGFnIjoiRkVFRC5iZXN0X2ltYWdlX3VybGdlbi5DMyJ9&_nc_ohc=IXJKk8TMEKwQ7kNvwHmcYz7&_nc_oc=AdqYgDO3Fsj2heIFzbDJvMCE2tXkdR5PE1327YmxMIdRXjpKsbGnL0z3HXmd-GEoh8s&_nc_zt=23&_nc_ht=scontent-iad3-2.cdninstagram.com&edm=ANo9K5cEAAAA&_nc_gid=A1LHpA9IQy-BBYMhSDC5bg&_nc_tpa=Q5bMBQL_23_zgeDzPNuIt6Jo1M7VzDV2S_mxOvtrf6gS-12oWBquzW2rGLol7Je4qNBDK4dSjqPjTOYH-g&oh=00_AQGaI8eL0jg7xx-qTRF8KcFx3FlCgqPP9y98pxN6FwsKNg&oe=6A81AA55,,2026-02-18T16:48:32+0000,1,0,"May Allah bless your family and heal in the blessing month of Ramadan. Keep your fast and prayers aligned and let the software and website and Ai solutions from engineersTech do the hard work, 

Ramadan Mubarak in advance , jajakallah khairan💙🎉

To learn more visit us at -

 https://engineerstechbd.com

#ramadan #2026❤️ #aimodel"
18025048166607844,VIDEO,REELS,https://www.instagram.com/reel/DTggDyFE2Ii/,https://scontent-iad3-2.cdninstagram.com/o1/v/t2/f2/m86/AQOb7uN7gYW7Sk6nWYjoUsexRumKbGuXmzlH2ndrEtI7BPxFok6uStv-J4Jk7L2VP45FGpGR8OSIeCpcrrMSdxY.mp4?_nc_cat=105&_nc_sid=5e9851&_nc_ht=scontent-iad3-2.cdninstagram.com&_nc_ohc=6KUAMt3-P4gQ7kNvwGrhSDJ&efg=eyJ2ZW5jb2RlX3RhZyI6Inhwdl9wcm9ncmVzc2l2ZS5JTlNUQUdSQU0uQ0xJUFMuQzMuMzYwLmRhc2hfYmFzZWxpbmVfM192MSIsInhwdl9hc3NldF9pZCI6MTc5NDE2NjM3MTYxMDE2ODYsImFzc2V0X2FnZV9kYXlzIjoyMDksInZpX3VzZWNhc2VfaWQiOjEwMDk5LCJkdXJhdGlvbl9zIjo0OCwidXJsZ2VuX3NvdXJjZSI6Ind3dyJ9&ccb=17-1&vs=ee75cbe9f6ad4071&_nc_vs=HBksFQIYRmlnX3hwdl9yZWVsc19wZXJtYW5lbnRfc3JfcHJvZC84NjI3MDUwNTAwNjQ0OTNfNzcwODM3Mjk5ODU3MjIzNTYxOS5tcDQVAALIARIAFQIYR2lnX3hwdl9yZWVsc19wZXJtYW5lbnRfc3JfcHJvZC8xMzgwNDM0MTQ2NjI3ODI0XzE3ODQ4NDc0MjgzMDE5NDM3NzQubXA0FQICyAESACgAGAAbAogHdXNlX29pbAExEnByb2dyZXNzaXZlX3JlY2lwZQExFQAAJuy40sej9t4_FQIoAkMzLBdASDdsi0OVgRgSZGFzaF9iYXNlbGluZV8zX3YxEQB1_gdl5p0BAA&_nc_gid=A1LHpA9IQy-BBYMhSDC5bg&edm=ANo9K5cEAAAA&_nc_zt=28&_nc_tpa=Q5bMBQI6UV7tsZRQDUmMhXc_gGdWuQlqU-99kJiY7ylWpbIB-NoMy9sIzHs6XI3QaQ0lX_Q55s_rtF2EDQ&oh=00_AQHGML9z52RmpzxO6f5WO627m5gI04aH4jdPKhYVu5DP9g&oe=6A7D8CA7,https://scontent-iad6-1.cdninstagram.com/v/t51.71878-15/616269424_1557464538872833_117376413342412914_n.jpg?stp=dst-jpg_e35_tt6&_nc_cat=102&ccb=7-5&_nc_sid=18de74&efg=eyJlZmdfdGFnIjoiQ0xJUFMuYmVzdF9pbWFnZV91cmxnZW4uQzMifQ%3D%3D&_nc_ohc=hR_YjlfRvl8Q7kNvwGlzNdd&_nc_oc=AdoS0_xvZ4RUXX7FCTjjomWSnaUk5OP-bVnPrXhI2TgXLtZyj7n7M08LgRcwy9i5BGg&_nc_zt=23&_nc_ht=scontent-iad6-1.cdninstagram.com&edm=ANo9K5cEAAAA&_nc_gid=A1LHpA9IQy-BBYMhSDC5bg&_nc_tpa=Q5bMBQLo3Bfk9fqR5ccCAvBOh_nstZE2J6fXaYasNK7SHjCT-I0z9P1k2X40y7VifFqAl1HmL2IgIRNq-w&oh=00_AQFHxWx9-01W3Oc-XYXtBHw3pFEBAKeWx9ZPA5krbhKRTg&oe=6A81A8DB,2026-01-14T22:28:21+0000,1,0,"🚀 engineersTech – Your Global Digital Solutions Partner
At engineersTech, we help businesses, startups, and agencies worldwide build scalable, high-performance digital products.
What we do: ✔ Custom Website & Web App Development
✔ Mobile App Development (Android & iOS)
✔ Custom Software & SaaS Platforms
✔ AI Solutions & Business Automation
✔ SEO-ready, performance-focused architecture
📍 Based in Bangladesh | 🌍 Serving clients globally
We are open to: 🤝 B2B collaboration
🤝 Agency partnerships
🤝 Outsourcing & white-label projects
👉 Explore our services:
https://engineerstechbd.com/services
📲 WhatsApp:
https://wa.me/8801873722228
Let’s collaborate and build impactful digital solutions together."
18067605920185316,IMAGE,FEED,https://www.instagram.com/p/DTgfw9fE59u/,https://scontent-iad3-1.cdninstagram.com/v/t51.82787-15/616171683_17974490807976701_3372010483109490858_n.heic?stp=dst-jpg_e35_tt6&_nc_cat=108&ccb=7-5&_nc_sid=18de74&efg=eyJlZmdfdGFnIjoiRkVFRC5iZXN0X2ltYWdlX3VybGdlbi5DMyJ9&_nc_ohc=S6ZecKwOhwwQ7kNvwESbJi9&_nc_oc=AdpHT5-MUauyc2jczOFbZYET0tCcL1Z8TjHsfI3CXgx7YO2vwT2hoy60z0MULzlF5BA&_nc_zt=23&_nc_ht=scontent-iad3-1.cdninstagram.com&edm=ANo9K5cEAAAA&_nc_gid=A1LHpA9IQy-BBYMhSDC5bg&_nc_tpa=Q5bMBQJwWgUE9m3v_E0-ZnYqKojdLGrZKZLKT6q35aNGVroHBuQG7q1UTcSzh5I0Phxl-Ys06W-RepDjPw&oh=00_AQF6G17AYxfGGxiR2efsv2VtkKb5hOaY4k5luVcKKYrL2w&oe=6A81789E,,2026-01-14T22:24:27+0000,0,0,"🚀 engineersTech – Your Global Digital Solutions Partner
At engineersTech, we help businesses, startups, and agencies worldwide build scalable, high-performance digital products.
What we do: ✔ Custom Website & Web App Development
✔ Mobile App Development (Android & iOS)
✔ Custom Software & SaaS Platforms
✔ AI Solutions & Business Automation
✔ SEO-ready, performance-focused architecture
📍 Based in Bangladesh | 🌍 Serving clients globally
We are open to: 🤝 B2B collaboration
🤝 Agency partnerships
🤝 Outsourcing & white-label projects

👉 Explore our services:
https://engineerstechbd.com/services

📲 WhatsApp:
https://wa.me/8801873722228

Let’s collaborate and build impactful digital solutions together."
18136233526483201,IMAGE,FEED,https://www.instagram.com/p/DTbRz0Fj-Lv/,https://scontent-iad3-2.cdninstagram.com/v/t39.30808-6/616009538_756977350756955_5252941620498782167_n.jpg?stp=dst-jpg_e35_tt6&_nc_cat=103&ccb=7-5&_nc_sid=18de74&efg=eyJlZmdfdGFnIjoiRkVFRC5iZXN0X2ltYWdlX3VybGdlbi5DMyJ9&_nc_ohc=-aaq8Da1DpQQ7kNvwFGlaoC&_nc_oc=AdpGvnDOOAL-OGRFER-QbT0W2OZmIYykjqClH99o0114IHTp7la37W5oEWOQaYD9H3Q&_nc_zt=23&_nc_ht=scontent-iad3-2.cdninstagram.com&edm=ANo9K5cEAAAA&_nc_gid=A1LHpA9IQy-BBYMhSDC5bg&_nc_tpa=Q5bMBQI00o_c346nHKPVXTwbheqNR2Qa1ZKPDREreepnXX3ThRcM1t0MgK7sm3IbGMSU35CI6UUK6uez-g&oh=00_AQEiYiuAX_2db5WSLow5U7eX3k02A_LvCAhbOBfIfBy0iQ&oe=6A818134,,2026-01-12T21:46:18+0000,1,0,"Fb boost Andromeda can automate your sale with a parallel FB pixel connection with a website and unified marketing #cakemaker #birthdaycake #EngineersTech #SalesGrowth #website 
 #websitedesign  #websitetraffic 
More info: +88018737-22228"
18093112250480132,IMAGE,FEED,https://www.instagram.com/p/DTbRP2WE7Ck/,https://scontent-iad3-1.cdninstagram.com/v/t51.82787-15/616269142_17974286411976701_1008363899344840755_n.heic?stp=dst-jpg_e35_tt6&_nc_cat=104&ccb=7-5&_nc_sid=18de74&efg=eyJlZmdfdGFnIjoiRkVFRC5iZXN0X2ltYWdlX3VybGdlbi5DMyJ9&_nc_ohc=gS1rMvk5Tl8Q7kNvwG3OCGJ&_nc_oc=AdrPcQYwAkAL0p5Hv20YhhpgTAQQU8jXDcb3ot8nP2cJAI6o-T-9kpivjmVeIZJsw5M&_nc_zt=23&_nc_ht=scontent-iad3-1.cdninstagram.com&edm=ANo9K5cEAAAA&_nc_gid=A1LHpA9IQy-BBYMhSDC5bg&_nc_tpa=Q5bMBQLZl2FBGZ96Ca86Uei2V-iaGpKEUsMRzL1uCcRg5cOsxlBGq_vF66AIpk7FzldB8Pm7miLpYEYhwQ&oh=00_AQHKuyD-qzuU3MG3QwOj112w2uAk0lePj4JGk0UguDYzug&oe=6A8195B6,,2026-01-12T21:41:23+0000,1,0,#aitools #businessmindset #startup #software #website
17967443990852987,CAROUSEL_ALBUM,FEED,https://www.instagram.com/p/DTbOInyE-Zz/,https://scontent-iad3-1.cdninstagram.com/v/t51.82787-15/615063903_17974284581976701_4759766888102710044_n.heic?stp=dst-jpg_e35_tt6&_nc_cat=110&ccb=7-5&_nc_sid=18de74&efg=eyJlZmdfdGFnIjoiQ0FST1VTRUxfSVRFTS5iZXN0X2ltYWdlX3VybGdlbi5DMyJ9&_nc_ohc=bbuYjdwrppIQ7kNvwEOvOhC&_nc_oc=AdonsyvCAzMjO2BlraHA7jln_DLAYmq_Vj9f0TX1d7R8wINPjfmbloHDGmwDZCwlJx4&_nc_zt=23&_nc_ht=scontent-iad3-1.cdninstagram.com&edm=ANo9K5cEAAAA&_nc_gid=A1LHpA9IQy-BBYMhSDC5bg&_nc_tpa=Q5bMBQIYaVPQUFJkCuCOjJ3q4QSPM0cmTmT6-JXF-HvBKI6yGfyQAqqMblnuIYdxkNEVIhj7GDmFvpE2Ag&oh=00_AQHr9hPrY_8t1tp7y-rf78uK0nNZIjNvNcEkDmC6rqD-EQ&oe=6A818E3C,,2026-01-12T21:14:11+0000,1,0,"Top trusted one stop software, apps, business, marketing, security provider company that grows & scales your business ♥️
#businessmindset #automation #startup #aisolution"
18039594686723068,IMAGE,FEED,https://www.instagram.com/p/DTbNv9Lk4DW/,https://scontent-iad6-1.cdninstagram.com/v/t51.82787-15/613217743_17974284497976701_4237680884160505830_n.heic?stp=dst-jpg_e35_tt6&_nc_cat=107&ccb=7-5&_nc_sid=18de74&efg=eyJlZmdfdGFnIjoiRkVFRC5iZXN0X2ltYWdlX3VybGdlbi5DMyJ9&_nc_ohc=V3dWYDvwWc4Q7kNvwEUUhbG&_nc_oc=Ado1FRGND460M50EGeUUCHRNsjuvaQng7YJPDvnrSJap_Pg1tMUjL2Luthm1Ul9YBYw&_nc_zt=23&_nc_ht=scontent-iad6-1.cdninstagram.com&edm=ANo9K5cEAAAA&_nc_gid=A1LHpA9IQy-BBYMhSDC5bg&_nc_tpa=Q5bMBQIB52lbQVigoHvr4Nibld7zQPdCBju3B1voG23gA2N2DK05aZjUZaxMefSj0sawaoBH3KHFZHyExA&oh=00_AQEWkVU1XYb8Kq36dcUvr2W1yhwL18vvJCCLbt5XPg-bMw&oe=6A817F10,,2026-01-12T21:10:49+0000,0,0,App needed? #company #engineerstech #software #aitools #aicommunityartist
18023408279316218,IMAGE,FEED,https://www.instagram.com/p/DDS6cFPvaEF/,https://scontent-iad3-1.cdninstagram.com/v/t39.30808-6/484084384_564365159989004_6327049672993523444_n.jpg?stp=dst-jpg_e35_tt6&_nc_cat=104&ccb=7-5&_nc_sid=18de74&efg=eyJlZmdfdGFnIjoiRkVFRC5iZXN0X2ltYWdlX3VybGdlbi5DMyJ9&_nc_ohc=NiYmthjPWP0Q7kNvwFPKxq9&_nc_oc=AdpivgZlfqQ8Q6YaHiMTf4uB5h83JxqgYHNqbHDIf0rB0O6cQE9zFNnI2lFY6STB85E&_nc_zt=23&_nc_ht=scontent-iad3-1.cdninstagram.com&edm=ANo9K5cEAAAA&_nc_gid=A1LHpA9IQy-BBYMhSDC5bg&_nc_tpa=Q5bMBQKBe3WZUgruGJKXSmvo5wTRW9VoP2vDPa_6KwDfpM2IKhjingTlL5xlkWFuWnmoNkCad3gSh-3UbA&oh=00_AQFrQ7j5_vu54YJnJ8DD6T39vcd9vxx6wMeoDnB3vFYV9g&oe=6A81ABD1,,2024-12-07T23:25:51+0000,0,0,"✅আপনার ফেসবুক পেজের সেল অটোমেশন করতে এবং সেল বাড়াতে প্রয়োজন, সহজে ১ ক্লিকে অর্ডার করার মত ওয়েবসাইট। 

🔥🔥অফার মূল্য ৭,৯৯৯/- মাত্র। 🔥🔥

✅সাথে পাচ্ছেন ফ্রি ডোমেইন, হোস্টিং, এস এস এল সার্টিফিকেট এবং বিজনেস ইমেল একাউন্ট।

✅বিস্তারিত জানতে ইনবক্স করুন। আপনার অনলাইন পেইজ থাকলে যোগাযোগ করুন

❌ শুধুমাত্র কিছুদিনের জন্য এই অফারটি, ওয়েবসাইট ক্রেতা ব্যতীত কেউ মেসেজ না করার অনুরোধ করছি।

#business  #websitedevelopment  #FacebookPage  #ecommerce #ecommercebusiness"
17918116595770480,IMAGE,FEED,https://www.instagram.com/p/CvAtIcjBsKt/,https://scontent-iad6-1.cdninstagram.com/v/t51.82787-15/624122078_18034953320770480_3743620677350291355_n.webp?stp=dst-jpg_e35_tt6&_nc_cat=109&ccb=7-5&_nc_sid=18de74&efg=eyJlZmdfdGFnIjoiRkVFRC5iZXN0X2ltYWdlX3VybGdlbi5DMyJ9&_nc_ohc=byxM4CJHq-sQ7kNvwF6IFnw&_nc_oc=Adq_TN5b-_yxQa9KJp1hFqpOihEuYJ7lEIu2Y9ViP-aVz3QIhs9hXrDjzEVRmqs3HRA&_nc_zt=23&_nc_ht=scontent-iad6-1.cdninstagram.com&edm=ANo9K5cEAAAA&_nc_gid=A1LHpA9IQy-BBYMhSDC5bg&_nc_tpa=Q5bMBQKw6-HwOpmZKX17iKR0pQwbHj0zlWtSfQmhkqUpUzpFaMOM63doNuT1JeEamynttUnS91ZISKycJw&oh=00_AQEeXxJf1tURixPJj8SIhSpop8XHqW7sHfwkpQjHUqYQMg&oe=6A8182E4,,2023-07-22T19:15:22+0000,0,0,"📢 Attention, Honorable Business Owner. Are you promoting your Business through Digital Marketing activities?

In today's fast-paced world, Digital Marketing is no longer a Luxury but a necessity for business success.

To grow your business digitally, you must focus on below activities:

🎯 Social Media Marketing
🎯 Search Engine Optimization (SEO)
🎯 Google Ads
🎯 Email Marketing
🎯 Animation Video Marketing
🎯 Whatsapp Bulk Messaging

At NeuronIT, we offer comprehensive solutions for all your Digital Marketing needs. We specialize in providing top-notch services for your Digital Marketing Activities. Our experienced team of professionals is ready to guide you every step of the way and ensure your success.

Whatsapp: +880-187372-2228,
visit: www.neuronit.io,
Email: info@neuronit.io

#digitalmarketing #digital #seo #ads #facebook #instagram #linkedin #whatsapp #twitter #youtube #animation #video #neuronitio"
18372616369020756,IMAGE,FEED,https://www.instagram.com/p/CuzDUGKhAJ6/,https://scontent-iad3-1.cdninstagram.com/v/t51.82787-15/641735718_18565841698020756_5962205254405780717_n.webp?stp=dst-jpg_e35_tt6&_nc_cat=104&ccb=7-5&_nc_sid=18de74&efg=eyJlZmdfdGFnIjoiRkVFRC5iZXN0X2ltYWdlX3VybGdlbi5DMyJ9&_nc_ohc=agTIKLVSb5QQ7kNvwG5UE3P&_nc_oc=AdqCE-OTOcQutEmWLRaTHnLCQ0tAXLavrAYOQvxEM-4TyOnG9_PEr-qpnsokXB848p0&_nc_zt=23&_nc_ht=scontent-iad3-1.cdninstagram.com&edm=ANo9K5cEAAAA&_nc_gid=A1LHpA9IQy-BBYMhSDC5bg&_nc_tpa=Q5bMBQLszW8Xh09-BkmMuHyGoIJklkrKqu1WLk5pzETBvP4CxW9wzDrwdy82TuVTWZEY8KtT-SS0Yoatyg&oh=00_AQEY_ezj3-TJrffxQcvWNfaf8TaSKJVdhD_gSiI_aTtkCQ&oe=6A818C9B,,2023-07-17T11:59:50+0000,0,0,"Position: Sr. Executive, Sales - IT/Software

Company: NeuronIT

Location: Dhaka, Bangladesh

Application Deadline: 20/08/2023

NeuronIT is a leading provider of innovative IT/Software solutions to businesses across various industries. We are currently seeking a motivated and dynamic Salesperson to join our team and help drive our sales efforts for IT/Software products.

Responsibilities:

· Visit market to identify potential customers and generate leads for IT/Software products.

· Conduct market research to understand customer needs and preferences.

· Present and demonstrate our IT/Software products to prospective clients.

· Develop and maintain strong relationships with existing and new clients.

· Prepare and deliver persuasive sales presentations and proposals.

· Negotiate and close sales deals to achieve monthly and quarterly targets.

· Provide exceptional support to clients.

· Stay up-to-date with industry trends and developments.

· Collaborate with the sales and marketing team to develop effective sales strategies.

Requirements:

· Previous experience in IT/Software sales is mandatory.

· Strong knowledge and understanding of IT/Software products and solutions.

· Excellent communication and interpersonal skills.

· Proven track record of meeting or exceeding sales targets.

· Ability to work independently and as part of a team.

· Strong negotiation and closing skills.

· Self-motivated with a results-oriented mindset.

· Willingness to travel as required.

Education and Qualifications:

· Bachelor's degree in Business Administration, Computer Science, or a related field.

· Additional certifications in sales or IT/Software will be an advantage."
17973244883270719,VIDEO,REELS,https://www.instagram.com/reel/Cuu1X8hBcUH/,https://scontent-iad6-1.cdninstagram.com/o1/v/t2/f2/m82/AQMRq9lWnOyWIo0Lf2u1SF-eYllxTOGaNxO7Jz21es52WFcGxgIe-AH0OFU1c0yqHObbo0Fq-O1S5_HMKsQ6CwOaWmOBoOaDio-2WNg.mp4?_nc_cat=100&_nc_sid=5e9851&_nc_ht=scontent-iad6-1.cdninstagram.com&_nc_ohc=lPc0K3iQDf4Q7kNvwHTxTJ6&efg=eyJ2ZW5jb2RlX3RhZyI6Inhwdl9wcm9ncmVzc2l2ZS5JTlNUQUdSQU0uQ0xJUFMuQzMuNzIwLmRhc2hfYmFzZWxpbmVfMV92MSIsInhwdl9hc3NldF9pZCI6MTM2NTM3MjM2NDA1Nzg1NywiYXNzZXRfYWdlX2RheXMiOjExMjMsInZpX3VzZWNhc2VfaWQiOjEwMDk5LCJkdXJhdGlvbl9zIjo1LCJ1cmxnZW5fc291cmNlIjoid3d3In0%3D&ccb=17-1&vs=a474a7b6e8172af1&_nc_vs=HBksFQIYT2lnX3hwdl9yZWVsc19wZXJtYW5lbnRfcHJvZC83ODRBREVCNURFNTdGMzQ0MDU3MTZGMEFGRTk4MTc5OV92aWRlb19kYXNoaW5pdC5tcDQVAALIARIAFQIYOnBhc3N0aHJvdWdoX2V2ZXJzdG9yZS9HT21lalJYZ0JCOGh4R3NNQUt1c1poMHNGWjU4YnFfRUFBQUYVAgLIARIAKAAYABsCiAd1c2Vfb2lsATEScHJvZ3Jlc3NpdmVfcmVjaXBlATEVAAAmgrT365Dz7AQVAigCQzMsF0AVMzMzMzMzGBJkYXNoX2Jhc2VsaW5lXzFfdjERAHX-B2XmnQEA&_nc_gid=6plAFaajA0VPY-Uv6mu1nA&edm=ANo9K5cEAAAA&_nc_zt=28&_nc_tpa=Q5bMBQK-Lq3_vSxopjgmSLFTuM-PYN5vtl7nt0dRMUEj_zptJ3tt9nBZd3ynY_KXNuc1zg2h_8G5FY5slA&oh=00_AQEYf_6nO-EuM3nEMN-KjuT_Rtoxo7_-TQGC2cqX0hw4vQ&oe=6A7DA215,https://scontent-iad3-2.cdninstagram.com/v/t51.71878-15/502750828_1800669823861440_7177429610000651578_n.jpg?stp=dst-jpg_e35_tt6&_nc_cat=111&ccb=7-5&_nc_sid=18de74&efg=eyJlZmdfdGFnIjoiQ0xJUFMuYmVzdF9pbWFnZV91cmxnZW4uQzMifQ%3D%3D&_nc_ohc=xcHYwPEZr3cQ7kNvwEFgTyd&_nc_oc=AdqhRUmhx5OXSXbKH7GxEw3b36C3-GVFU1IMXrBTC8CVmhMjBWF_iW69Q36pipauFTY&_nc_zt=23&_nc_ht=scontent-iad3-2.cdninstagram.com&edm=ANo9K5cEAAAA&_nc_gid=6plAFaajA0VPY-Uv6mu1nA&_nc_tpa=Q5bMBQKRUOzh9pz0UI5r6DNsN6SvhrX9sVPgyaFZn9_fIf1Lm8TMzbinWIuh9N8dleU6ZKaHWxaJ3JWM9g&oh=00_AQH7cEu5fkYFPABjRzHx5WyHTjqfCqwXDahXmGfViPdnIw&oe=6A81AAB7,2023-07-15T20:43:02+0000,2,0,"We offer updated technology in software and mobile app for user and customer at best rate, contact:+8801873722228
#insurance #healthinsurance #reels #viralreels #software #app @neuronit.io"
17998380721898838,VIDEO,REELS,https://www.instagram.com/reel/Ct6u3l4B__3/,https://scontent-iad6-1.cdninstagram.com/o1/v/t2/f2/m82/AQMVchd1125p_V1rre-Z0Ii1dPl4LUbgkYEG3SGyIZ06xXLzWpoH7UYTxXQCmwwrpGHBXxDyxSl1y-uEIZXdYjIpvb5-Npy2Oxt85p8.mp4?_nc_cat=100&_nc_sid=5e9851&_nc_ht=scontent-iad6-1.cdninstagram.com&_nc_ohc=PFyYv8p9AJgQ7kNvwFXUHoD&efg=eyJ2ZW5jb2RlX3RhZyI6Inhwdl9wcm9ncmVzc2l2ZS5JTlNUQUdSQU0uQ0xJUFMuQzMuNzIwLmRhc2hfYmFzZWxpbmVfMV92MSIsInhwdl9hc3NldF9pZCI6NzgzMTA0ODcwMTQ1NDU2LCJhc3NldF9hZ2VfZGF5cyI6MTE0MywidmlfdXNlY2FzZV9pZCI6MTAwOTksImR1cmF0aW9uX3MiOjMwLCJ1cmxnZW5fc291cmNlIjoid3d3In0%3D&ccb=17-1&vs=2f9d6b4c15722af1&_nc_vs=HBksFQIYT2lnX3hwdl9yZWVsc19wZXJtYW5lbnRfcHJvZC8zNzQ4RDI2NEVDNTYyNjgyMjJCNjk1MTIzQ0MyOEI4M192aWRlb19kYXNoaW5pdC5tcDQVAALIARIAFQIYOnBhc3N0aHJvdWdoX2V2ZXJzdG9yZS9HTTN4S3hWc2w5anhQUFlEQUVRNWVzYWh5bHhsYnFfRUFBQUYVAgLIARIAKAAYABsCiAd1c2Vfb2lsATEScHJvZ3Jlc3NpdmVfcmVjaXBlATEVAAAm4Pba-dmO5AIVAigCQzMsF0A97tkWhysCGBJkYXNoX2Jhc2VsaW5lXzFfdjERAHX-B2XmnQEA&_nc_gid=6plAFaajA0VPY-Uv6mu1nA&edm=ANo9K5cEAAAA&_nc_zt=28&_nc_tpa=Q5bMBQIrCrKRJNgwUW2qKMI3dxowqejdnK918aVr14Bh9ivJs95FDgNy-5KMgVSaOh90URZ9vyy05eDw_w&oh=00_AQFgkWCtceuOPKhAt0KaB1-E3fnLCpYm3SnD0u0Hhsxh1Q&oe=6A7DB795,https://scontent-iad6-1.cdninstagram.com/v/t51.71878-15/504117869_1225817435874195_1785101354858934807_n.jpg?stp=dst-jpg_e35_tt6&_nc_cat=107&ccb=7-5&_nc_sid=18de74&efg=eyJlZmdfdGFnIjoiQ0xJUFMuYmVzdF9pbWFnZV91cmxnZW4uQzMifQ%3D%3D&_nc_ohc=Wdeh1EcT6kEQ7kNvwFOJBOL&_nc_oc=AdqD_CjG5xANWQB-IVXX_lSiGho8fSB1GZWCTlCPYUQe2P6rRhRjFTL6CQI0-1-lpgs&_nc_zt=23&_nc_ht=scontent-iad6-1.cdninstagram.com&edm=ANo9K5cEAAAA&_nc_gid=6plAFaajA0VPY-Uv6mu1nA&_nc_tpa=Q5bMBQJsYHb5xy7IkmJiAUzPwy_issmppUTWahdR5-pMwZ8kC0NVMdIqIAMHmVxdVCNFuorw3KrSkPKisg&oh=00_AQF5TGlhRN2nt-kpg0qaTQsC2FBGI8u7bR8tiCmCyRAu7g&oe=6A818A62,2023-06-25T15:05:34+0000,1,0,"Create new invoice for a client
All invoice list
Fare calculation system as GDS
Reissue ticket’s invoice
Print system
Discount option
Note write option
Passport and visa info add system
Ticketing info like PNR, Route, Reference, issue, journey date, Pax name add system
Multiple service add system
Cost calculation of Invoice
You can add all your costing of a specific invoice that you can calculate your profit or loss from a specific service. While adding costing to a invoice you can specify a vendor where from you have taken service. That cost will be hit vendor ledger automatically.

Add costing for specific service
Can select vendor for that service
Can add additional costing
Automatic costing add to vendor ledger
Vendor wise costing report

Contact now at Whatsapp: +880-187372-2228

#travel_agency #accounting #accounting_software #ai #tech #reels #viral"
18089025169317254,IMAGE,FEED,https://www.instagram.com/p/Ct5i8cooawE/,https://scontent-iad3-2.cdninstagram.com/v/t51.82787-15/627163040_18185170057317254_7815757484029793130_n.webp?stp=dst-jpg_e35_tt6&_nc_cat=103&ccb=7-5&_nc_sid=18de74&efg=eyJlZmdfdGFnIjoiRkVFRC5iZXN0X2ltYWdlX3VybGdlbi5DMyJ9&_nc_ohc=gg8fpwQA_6wQ7kNvwGnQJIv&_nc_oc=AdqLn58Lc_iuLaYZnSm7ndAH15y2-327kD9Tug5jlf8Xzn4fdgiL6ZgbIW-EZXdPe_I&_nc_zt=23&_nc_ht=scontent-iad3-2.cdninstagram.com&edm=ANo9K5cEAAAA&_nc_gid=6plAFaajA0VPY-Uv6mu1nA&_nc_tpa=Q5bMBQJOKrHyd5bGOqaxgNprq30cq-NYAO05FOKquHNe9sTeZX9We9ija7bQrylwF5sQeJAwvOWR_dreyg&oh=00_AQHwIbxg2H7VSo4dAmhr400RnQOCOHyv3ZCWJndZrgdf5g&oe=6A817C11,,2023-06-25T04:00:16+0000,1,0,"Do you need OTA to sell air ticket, hotels, train tickets online? If you're a entrepreneur looking for a business opportunity OTA is great option for you.

If you are a offline travel agency need to increase your sales then OTA website and app is the best option for you.

Contact now at Whatsapp: +880-187372-22228

#ota #online_travel_agency #air_ticket #hotel_booking #train_tickets #travel #tour #travel_agency #tour_packages #website #app #ai #tech #neuronitio"
17935915781677928,VIDEO,REELS,https://www.instagram.com/reel/Ct5h_qcBsm6/,https://scontent-iad3-2.cdninstagram.com/o1/v/t2/f2/m82/AQOlRBrRxA-60ZcJ950ROkie3NQpMZcN88jJppZOG7lqOVHxYGfaOmQVucUT91i6iyjNjZrLrSrLpIJVru7uh-wRDWMPVlzJyDOA-vs.mp4?_nc_cat=111&_nc_sid=5e9851&_nc_ht=scontent-iad3-2.cdninstagram.com&_nc_ohc=Ker7-2vazOQQ7kNvwGvlwaa&efg=eyJ2ZW5jb2RlX3RhZyI6Inhwdl9wcm9ncmVzc2l2ZS5JTlNUQUdSQU0uQ0xJUFMuQzMuNzIwLmRhc2hfYmFzZWxpbmVfMV92MSIsInhwdl9hc3NldF9pZCI6ODE3MzU4MzQ2Mzg5NzU5LCJhc3NldF9hZ2VfZGF5cyI6MTE0MywidmlfdXNlY2FzZV9pZCI6MTAwOTksImR1cmF0aW9uX3MiOjUsInVybGdlbl9zb3VyY2UiOiJ3d3cifQ%3D%3D&ccb=17-1&vs=c67f2d94116b8e21&_nc_vs=HBksFQIYT2lnX3hwdl9yZWVsc19wZXJtYW5lbnRfcHJvZC85NjQ0RDIyOURGRUVEQTk3NjNBQzAzQzM4Q0RBRjA4N192aWRlb19kYXNoaW5pdC5tcDQVAALIARIAFQIYOnBhc3N0aHJvdWdoX2V2ZXJzdG9yZS9HQWNFSVJXYnBXMGZxQmtNQU51emdmNm1DOEVvYnFfRUFBQUYVAgLIARIAKAAYABsCiAd1c2Vfb2lsATEScHJvZ3Jlc3NpdmVfcmVjaXBlATEVAAAm_qOgnsLY8wIVAigCQzMsF0AT3S8an753GBJkYXNoX2Jhc2VsaW5lXzFfdjERAHX-B2XmnQEA&_nc_gid=6plAFaajA0VPY-Uv6mu1nA&edm=ANo9K5cEAAAA&_nc_zt=28&_nc_tpa=Q5bMBQKpDl3SQE6HKJVYFkaQ5g7wdkLfpJauWmwpis9rYGIS6gyDnxMqewZVUARlkwXf8gnpRz_AcGwBtQ&oh=00_AQFYvA9K4BvQJQeH6HBKlBADMDIliRQHirNhJMRvadnPIQ&oe=6A7DADB8,https://scontent-iad3-1.cdninstagram.com/v/t51.71878-15/499881039_1245860233539566_7869696892223965474_n.jpg?stp=dst-jpg_e35_tt6&_nc_cat=104&ccb=7-5&_nc_sid=18de74&efg=eyJlZmdfdGFnIjoiQ0xJUFMuYmVzdF9pbWFnZV91cmxnZW4uQzMifQ%3D%3D&_nc_ohc=T0ZChnTeHXkQ7kNvwGvm3VK&_nc_oc=AdpXmGORcSOSMO8kPhFJ7OqAYer4NQJwCsnatxzOKT8OELx4bT0Xxu0yLSYARVGTXwY&_nc_zt=23&_nc_ht=scontent-iad3-1.cdninstagram.com&edm=ANo9K5cEAAAA&_nc_gid=6plAFaajA0VPY-Uv6mu1nA&_nc_tpa=Q5bMBQLhle5XqT55aM4FdwvPSQnIWsKNbxWq2Tn0R7iy4QACj_HD9LM1RlebsN-3xEAHuV9Ant7pzvsfHg&oh=00_AQE7qHMqnEeVGLZG0zDnYtpL9AQL5rStXuwu-zsDV25XtA&oe=6A81A02A,2023-06-25T03:58:08+0000,0,0,"Do you need OTA to sell air ticket, hotels, train tickets online? If you're a entrepreneur looking for a business opportunity OTA is great option for you.

If you are a offline travel agency need to increase your sales then OTA website and app is the best option for you.

Contact now at Whatsapp: +880-187372-22228

#ota #online_travel_agency #air_ticket #hotel_booking #train_tickets #travel #tour #travel_agency #tour_packages #website #app #ai #tech #neuronitio"
17957028920615587,IMAGE,FEED,https://www.instagram.com/p/Ct4-Gw6h2Ug/,https://scontent-iad3-2.cdninstagram.com/v/t51.82787-15/623421401_18075041558615587_378816759421957177_n.webp?stp=dst-jpg_e35_tt6&_nc_cat=111&ccb=7-5&_nc_sid=18de74&efg=eyJlZmdfdGFnIjoiRkVFRC5iZXN0X2ltYWdlX3VybGdlbi5DMyJ9&_nc_ohc=lH5UO7mTYbEQ7kNvwFdqmvt&_nc_oc=AdoOxdqKQhJ0ssnC_HhE4Yw2FneRDy85zEFm_fffHGX0qWU1pbZ2065l8l-X9R-Pf5o&_nc_zt=23&_nc_ht=scontent-iad3-2.cdninstagram.com&edm=ANo9K5cEAAAA&_nc_gid=6plAFaajA0VPY-Uv6mu1nA&_nc_tpa=Q5bMBQKvcqt8n0ObAfJ7Gz80jw03HcCTPn45dWoaLyDFJ3LLJyC5c93pF75yosW0lJ52AZYB5jNy-mvS_A&oh=00_AQGUJNYGK8LZEg1npb2kepEex1mCzm-9zkB4keGkEsAHWg&oe=6A8194B4,,2023-06-24T22:38:22+0000,1,0,"Get your free consultation for your company growth with our services now:

1.E-commerce website
2.School Management
3.Office management
4.NGO fundraiser website
5. Account software
6.Customize website
8.Customize software
9.Business website
10.Company portfolio website
11.Personal portfolio site
12.Special event advertising website
13.Special event entry ID card with QR code and entry management mobile app solution.
14. HRM
15. CRM
16. ERP
17. Mobile Applications

#আপনার_কি_ধরনের_ওয়েবসাইট_লাগবে?
ㅤ
🎯 লার্নিং ম্যানেজমেন্ট সিস্টেম
🎯 ইকমার্স মেনেজমেন্ট সফটওয়্যার
🎯 কাস্টম ই-কমার্স ওয়েবসাইট
🎯 ই-কমার্স ওয়েবসাইট
🎯 ইভেন্ট ওয়েবসাইট
🎯 নিউজপেপার ওয়েবসাইট
🎯 রিয়েল এস্টেট ওয়েবসাইট
🎯 হোটেল ও রিসোর্ট ওয়েবসাইট
🎯 স্কুল ও কলেজের ওয়েবসাইট
🎯 এন.জি.ও ওয়েবসাইট
🎯 কর্পোরেট ওয়েবসাইট
 -অন্যান্য যেকোন ধরনের ওয়েবসাইট। 
ㅤ

আপনার প্রয়োজনীয় ওয়েবসাইটের ব্যাপারে কথা বলতে এখুনি কল করুন: +8801873722228

#website #ai #technology #neuronitio #software #chatgpt #company #enterpreneur #sharktank 

আমাদের ফলো করুন:

ফেসবুক: www.facebook.com/neuroit.io
লিঙ্কড-ইন: www.linkedin.com/company/neuronit
ইনস্টাগ্রাম: www.instagram.com/neuronit.io
ওয়েবসাইট: www.neuronit.io"
17986012076282569,VIDEO,REELS,https://www.instagram.com/reel/Ct4762IBxOk/,https://scontent-iad3-1.cdninstagram.com/o1/v/t2/f2/m82/AQNqx_v_n7fcWHvUpY8yQWRpiiWiiGhR49Rkmo42U9Tw8XU1oJ_xhGXL3Hd9oIQgk7Mk9B5_CbCE1YgwjGbUWDKqmoPjT6zYE1lNmmE.mp4?_nc_cat=104&_nc_sid=5e9851&_nc_ht=scontent-iad3-1.cdninstagram.com&_nc_ohc=UFzadOVJz9AQ7kNvwG20DXe&efg=eyJ2ZW5jb2RlX3RhZyI6Inhwdl9wcm9ncmVzc2l2ZS5JTlNUQUdSQU0uQ0xJUFMuQzMuNzIwLmRhc2hfYmFzZWxpbmVfMV92MSIsInhwdl9hc3NldF9pZCI6MjA3MjEzNDI1NjEzMzY3LCJhc3NldF9hZ2VfZGF5cyI6MTE0NCwidmlfdXNlY2FzZV9pZCI6MTAwOTksImR1cmF0aW9uX3MiOjExLCJ1cmxnZW5fc291cmNlIjoid3d3In0%3D&ccb=17-1&vs=d270ed9d65ff8a32&_nc_vs=HBksFQIYT2lnX3hwdl9yZWVsc19wZXJtYW5lbnRfcHJvZC85NjQ3ODA1REUyOUIwMEE5REFGNDBCOUREQTcyNjg4N192aWRlb19kYXNoaW5pdC5tcDQVAALIARIAFQIYOnBhc3N0aHJvdWdoX2V2ZXJzdG9yZS9HRkQtTlJXc1pmWEFpcEFEQU1jN2dhUU1zZlUyYnFfRUFBQUYVAgLIARIAKAAYABsCiAd1c2Vfb2lsATEScHJvZ3Jlc3NpdmVfcmVjaXBlATEVAAAm7uiCqrSdXhUCKAJDMywXQCYzMzMzMzMYEmRhc2hfYmFzZWxpbmVfMV92MREAdf4HZeadAQA&_nc_gid=6plAFaajA0VPY-Uv6mu1nA&edm=ANo9K5cEAAAA&_nc_zt=28&_nc_tpa=Q5bMBQJNDsOlD38fX2teOVEGJDbEIhyHQMDidmqXunXqMHlu7O3k-CrXksDye_wUL7hM3FCRCSEThyE0Kg&oh=00_AQF0eQ5XPOhHGfTrTiAkgA708T72rk8S2PlqgnULcJyRBg&oe=6A7D9F0D,https://scontent-iad3-1.cdninstagram.com/v/t51.71878-15/500649390_681069874894384_5580220875861362903_n.jpg?stp=dst-jpg_e35_tt6&_nc_cat=110&ccb=7-5&_nc_sid=18de74&efg=eyJlZmdfdGFnIjoiQ0xJUFMuYmVzdF9pbWFnZV91cmxnZW4uQzMifQ%3D%3D&_nc_ohc=qV1-YGQT7mAQ7kNvwHxdtA9&_nc_oc=Adr7YGvgJUEvpNmg7CA-lIvregBP5zUcGD-FL8VnT5gMJNZZCHPdoN__8ZHfTz5Qk5o&_nc_zt=23&_nc_ht=scontent-iad3-1.cdninstagram.com&edm=ANo9K5cEAAAA&_nc_gid=6plAFaajA0VPY-Uv6mu1nA&_nc_tpa=Q5bMBQLzielRdzVDG9K9IWoCtEvSGF-fG6dLXJuuEt57XBOhCoYcDrAjIUN9LKPmXgIZk1JdJv4ermbjSw&oh=00_AQG0mghF6uI5aQ5tGJ5C3ExqZDoQp0E3exq4eaAKe_ANvQ&oe=6A81AD5E,2023-06-24T22:25:29+0000,1,0,"@neuronit.io is one of the best websites and software development companies of Bangladesh.

Get your free consultation for your company growth with our services now:

1.E-commerce website
2.School Management
3.Office management
4.NGO fundraiser website
5. Account software
6.Customize website
8.Customize software
9.Business website
10.Company portfolio website
11.Personal portfolio site
12.Special event advertising website
13.Special event entry ID card with QR code and entry management mobile app solution.
14. HRM
15. CRM
16. ERP
17. Mobile Applications

#আপনার_কি_ধরনের_ওয়েবসাইট_লাগবে?
ㅤ
🎯 লার্নিং ম্যানেজমেন্ট সিস্টেম
🎯 ইকমার্স মেনেজমেন্ট সফটওয়্যার
🎯 কাস্টম ই-কমার্স ওয়েবসাইট
🎯 ই-কমার্স ওয়েবসাইট
🎯 ইভেন্ট ওয়েবসাইট
🎯 নিউজপেপার ওয়েবসাইট
🎯 রিয়েল এস্টেট ওয়েবসাইট
🎯 হোটেল ও রিসোর্ট ওয়েবসাইট
🎯 স্কুল ও কলেজের ওয়েবসাইট
🎯 এন.জি.ও ওয়েবসাইট
🎯 কর্পোরেট ওয়েবসাইট
 -অন্যান্য যেকোন ধরনের ওয়েবসাইট। 
ㅤ

আপনার প্রয়োজনীয় ওয়েবসাইটের ব্যাপারে কথা বলতে এখুনি কল করুন: +8801873722228

আমাদের ফলো করুন:

ফেসবুক: www.facebook.com/neuroit.io
লিঙ্কড-ইন: www.linkedin.com/company/neuronit
ইনস্টাগ্রাম: www.instagram.com/neuronit.io
ওয়েবসাইট: www.neuronit.io

#website #neuronitio #viral #instareels #instadesign #design #webdesign #reelsinstagram #reels #software #bangladesh #ai #artificalintelligence #chatgpt #technology"
18041123557469889,VIDEO,REELS,https://www.instagram.com/reel/Ct4ScjvhC8Y/,https://scontent-iad6-1.cdninstagram.com/o1/v/t2/f2/m82/AQPeAIl-WShCau9JgSxslo_E8TgX37ar-egU2a-pAollHmZNZLWQciCXHYSKGSxDVBc15-sTqFlcitLIJtT0I2cMI15QiYQYpiYB4iM.mp4?_nc_cat=100&_nc_sid=5e9851&_nc_ht=scontent-iad6-1.cdninstagram.com&_nc_ohc=Wco-yoy4B1YQ7kNvwFU_AHp&efg=eyJ2ZW5jb2RlX3RhZyI6Inhwdl9wcm9ncmVzc2l2ZS5JTlNUQUdSQU0uQ0xJUFMuQzMuNzIwLmRhc2hfYmFzZWxpbmVfMV92MSIsInhwdl9hc3NldF9pZCI6MjY2Nzg1Njc1ODk1NDM5LCJhc3NldF9hZ2VfZGF5cyI6MTE0NCwidmlfdXNlY2FzZV9pZCI6MTAwOTksImR1cmF0aW9uX3MiOjgsInVybGdlbl9zb3VyY2UiOiJ3d3cifQ%3D%3D&ccb=17-1&vs=fa3b3a3b96e79215&_nc_vs=HBksFQIYT2lnX3hwdl9yZWVsc19wZXJtYW5lbnRfcHJvZC83OTQwN0VCOTEzQTA1NDI0MzFDQUVBNDA4RDE1M0VCN192aWRlb19kYXNoaW5pdC5tcDQVAALIARIAFQIYOnBhc3N0aHJvdWdoX2V2ZXJzdG9yZS9HRUtkUFJWQ3VhNEhmTG9FQUtvZDdPeGhueVJMYnFfRUFBQUYVAgLIARIAKAAYABsCiAd1c2Vfb2lsATEScHJvZ3Jlc3NpdmVfcmVjaXBlATEVAAAmnoqLl_yoeRUCKAJDMywXQB_dLxqfvncYEmRhc2hfYmFzZWxpbmVfMV92MREAdf4HZeadAQA&_nc_gid=6plAFaajA0VPY-Uv6mu1nA&edm=ANo9K5cEAAAA&_nc_zt=28&_nc_tpa=Q5bMBQLvc9dMWH9ZRq-UTBQh6f3EpeNvxRoUpw-sz_MLmfHhdY753ZoGmCiUv-d-8TwjOoiQP3Zd3n5i2Q&oh=00_AQG_8703gUhKwItLnHjppDq8Hx3qhFQTqe-MRSVVs829kw&oe=6A7D8405,https://scontent-iad6-1.cdninstagram.com/v/t51.71878-15/504071150_704827738757895_2824771147074730263_n.jpg?stp=dst-jpg_e35_tt6&_nc_cat=100&ccb=7-5&_nc_sid=18de74&efg=eyJlZmdfdGFnIjoiQ0xJUFMuYmVzdF9pbWFnZV91cmxnZW4uQzMifQ%3D%3D&_nc_ohc=q9kW1rLZsVwQ7kNvwG58NaC&_nc_oc=Adog2hQb19EI03jh4KUBa1LmRr20GXqr3ITHtK7e52pvCmHQdQHnorIRlL-86IWHFMI&_nc_zt=23&_nc_ht=scontent-iad6-1.cdninstagram.com&edm=ANo9K5cEAAAA&_nc_gid=6plAFaajA0VPY-Uv6mu1nA&_nc_tpa=Q5bMBQJmDgy4etIY9XFg_eBrxAK3Bs-EgF2vcPoCYglQJTmXN9QY30TBs3H8Ior6k94wNgM0sJ2e9VXBqA&oh=00_AQFqNQMXj6roI_aCJTD4Tf_pJMLAt6eUcm2J_KIWu8fz4A&oe=6A818F44,2023-06-24T16:21:23+0000,1,0,"Increase your restaurant online sell and manage this sale easily by your website and software from NeuronIT, we are one of the best restaurant website and software development company in Bangladesh. Contact now Whatsapp: +880-187372-2228

#restaurant #management #managementsoftware #website #bangladesh #neuronitio #technology #artificalintelligence #ai #entrepreneur"
17989920776034830,IMAGE,FEED,https://www.instagram.com/p/Ct4SPNph9Vp/,https://scontent-iad3-1.cdninstagram.com/v/t51.82787-15/623287333_18086868716034830_22073509024004318_n.webp?stp=dst-jpg_e35_tt6&_nc_cat=104&ccb=7-5&_nc_sid=18de74&efg=eyJlZmdfdGFnIjoiRkVFRC5iZXN0X2ltYWdlX3VybGdlbi5DMyJ9&_nc_ohc=pEi2rM1SmhgQ7kNvwGtDWGO&_nc_oc=AdrT8106i0Z9815ovyWTJRUTDrdJdOMjvR73LUk5RwNJlJZieURL1z8HtEvCReBJ_Kc&_nc_zt=23&_nc_ht=scontent-iad3-1.cdninstagram.com&edm=ANo9K5cEAAAA&_nc_gid=6plAFaajA0VPY-Uv6mu1nA&_nc_tpa=Q5bMBQIg0V0mhkfctQVML46CYiupvIdxT4UI2kbbELKUmus4CQdCuBLvFQ9tb6prGrqMoqtS4mIik2Qf5A&oh=00_AQHMf_sE4Gkvf1Pa03eV3LiZq8iplSnn6M_UcJMSGarAQg&oe=6A81A5B6,,2023-06-24T16:15:02+0000,2,2,"Do you want to increase your restaurant sell and manage easily and also give your customer opportunity to book reservation for your restaurant?
Call or Whatsapp now: +880-187372-2228

#restaurant #website #reservation #software #artificalintelligence #technology #neuronitio #bangladesh"
17953311242498381,IMAGE,FEED,https://www.instagram.com/p/Ct2V-5OMmAB/,https://scontent-iad3-2.cdninstagram.com/v/t51.82787-15/622905572_18046765712498381_3514332853900779930_n.webp?stp=dst-jpg_e35_tt6&_nc_cat=111&ccb=7-5&_nc_sid=18de74&efg=eyJlZmdfdGFnIjoiRkVFRC5iZXN0X2ltYWdlX3VybGdlbi5DMyJ9&_nc_ohc=kz2j_cIk2_4Q7kNvwE26X90&_nc_oc=AdpFVmstdDXlK1k4A7F3_j7iI7EA6agCeHqN3xOudWd_2204H6NubawH8MR2uxFO8ZE&_nc_zt=23&_nc_ht=scontent-iad3-2.cdninstagram.com&edm=ANo9K5cEAAAA&_nc_gid=6plAFaajA0VPY-Uv6mu1nA&_nc_tpa=Q5bMBQI--LpGEh7lYTZZg-4PClx9t5FVpgfGAEudLyWwxMIGx0JIAJWgC1qvqP52rgfFaswGkWMhdkE0Hg&oh=00_AQFtnllbV7aADAfKgq9xUn77TQK6aJ31vMJpImrsddN0aQ&oe=6A819214,,2023-06-23T22:09:17+0000,0,0,"Website company neuonit
#reels #reelsinstagram #website #website_income #freelance #neuronitio #viral #bangladesh"
17870716316887111,VIDEO,REELS,https://www.instagram.com/reel/Ct2AnlWBesx/,https://scontent-iad6-1.cdninstagram.com/o1/v/t2/f2/m82/AQPi1yc-TCwOS9JCk_DW1FjEexx0uTB2NIlFaPfok8gBSL3Uq5DzWYSrogU6XAHPYQGMbGLi4sX3GI1A1wXQqNJuPF_LXms5y1kFEYk.mp4?_nc_cat=109&_nc_sid=5e9851&_nc_ht=scontent-iad6-1.cdninstagram.com&_nc_ohc=oEoceT2EoxUQ7kNvwGaziXj&efg=eyJ2ZW5jb2RlX3RhZyI6Inhwdl9wcm9ncmVzc2l2ZS5JTlNUQUdSQU0uQ0xJUFMuQzMuNzIwLmRhc2hfYmFzZWxpbmVfMV92MSIsInhwdl9hc3NldF9pZCI6MjQwNzgxNzQ1MzY0NzgyLCJhc3NldF9hZ2VfZGF5cyI6MTE0NSwidmlfdXNlY2FzZV9pZCI6MTAwOTksImR1cmF0aW9uX3MiOjEyLCJ1cmxnZW5fc291cmNlIjoid3d3In0%3D&ccb=17-1&vs=a459a6ee68d186e2&_nc_vs=HBksFQIYT2lnX3hwdl9yZWVsc19wZXJtYW5lbnRfcHJvZC84RjRERTE1ODQ1NTEyMDNGMzBEQTIwRENDODhCMTBBNV92aWRlb19kYXNoaW5pdC5tcDQVAALIARIAFQIYOnBhc3N0aHJvdWdoX2V2ZXJzdG9yZS9HTUs4eXhUVnE4RTZQS3dBQUdxd1NXUXd2ZWxzYnFfRUFBQUYVAgLIARIAKAAYABsCiAd1c2Vfb2lsATEScHJvZ3Jlc3NpdmVfcmVjaXBlATEVAAAm3Py05qu_bRUCKAJDMywXQCful41P3zsYEmRhc2hfYmFzZWxpbmVfMV92MREAdf4HZeadAQA&_nc_gid=6plAFaajA0VPY-Uv6mu1nA&edm=ANo9K5cEAAAA&_nc_zt=28&_nc_tpa=Q5bMBQI7jg1Kgg2I7m3i2joA1aHDJKYlhkZftyS6_TcFM-9pab-YNnGmmG54HXJruYg-gGYqUP3icA_S8Q&oh=00_AQHSQqQgGWoBlt6JefNxKslswqwZ3rbKoXy03GWGygqxHA&oe=6A7DB426,https://scontent-iad3-2.cdninstagram.com/v/t51.71878-15/497774553_683992004377085_6746436124896341481_n.jpg?stp=dst-jpg_e35_tt6&_nc_cat=105&ccb=7-5&_nc_sid=18de74&efg=eyJlZmdfdGFnIjoiQ0xJUFMuYmVzdF9pbWFnZV91cmxnZW4uQzMifQ%3D%3D&_nc_ohc=JoKks7_AwW0Q7kNvwEKI094&_nc_oc=AdrJWQErabc_KGRYr_aILtf_vOZUS1DptmPxQ-gBDfVMOYANN3wh0DHAo3Htaop4iUI&_nc_zt=23&_nc_ht=scontent-iad3-2.cdninstagram.com&edm=ANo9K5cEAAAA&_nc_gid=6plAFaajA0VPY-Uv6mu1nA&_nc_tpa=Q5bMBQL76MX0njUzjCZhgUe-2oAQwsAdHabtGgD1XCXuwPEdowttoXLerSnD2UcXWTp2FRBa_xyZ5bQo_Q&oh=00_AQFKvrH5JGpi-qlDnIq1A-gSKqXilC1vKPXmndNKIDSOFw&oe=6A819ECF,2023-06-23T19:03:54+0000,3,0,"Website & software development company neuronit
#website #website_income #online_income #earn #earnmoney #earnmoneyfromhome #neuronitio #ai"
18007267753762246,VIDEO,REELS,https://www.instagram.com/reel/Ct12pkqhPUv/,https://scontent-iad6-1.cdninstagram.com/o1/v/t2/f2/m82/AQNvXuqBjZ4OCcU8g00rPtEWhiqYBb85d2ePnH616Jnks3TjFFjBL0s6uC1ce8Jj2c-rUy0tPqpdQv4o020uiOPEmpaC1dqIIIl13iE.mp4?_nc_cat=102&_nc_sid=5e9851&_nc_ht=scontent-iad6-1.cdninstagram.com&_nc_ohc=RAfw3M8bo1QQ7kNvwED_1hf&efg=eyJ2ZW5jb2RlX3RhZyI6Inhwdl9wcm9ncmVzc2l2ZS5JTlNUQUdSQU0uQ0xJUFMuQzMuNzIwLmRhc2hfYmFzZWxpbmVfMV92MSIsInhwdl9hc3NldF9pZCI6NjU2MTYyOTI5NzY0NDE3LCJhc3NldF9hZ2VfZGF5cyI6MTE0NSwidmlfdXNlY2FzZV9pZCI6MTAwOTksImR1cmF0aW9uX3MiOjUsInVybGdlbl9zb3VyY2UiOiJ3d3cifQ%3D%3D&ccb=17-1&vs=a08dcf4621be33e4&_nc_vs=HBksFQIYT2lnX3hwdl9yZWVsc19wZXJtYW5lbnRfcHJvZC9COTRGRUQ2RkU3NTc4NEJDQTYzRTJFNzU0N0RBMkM5OV92aWRlb19kYXNoaW5pdC5tcDQVAALIARIAFQIYOnBhc3N0aHJvdWdoX2V2ZXJzdG9yZS9HUDVWTlJWNFVhVS14djhHQUtnYW8tVTExOWx3YnFfRUFBQUYVAgLIARIAKAAYABsCiAd1c2Vfb2lsATEScHJvZ3Jlc3NpdmVfcmVjaXBlATEVAAAmgqG_5dqxqgIVAigCQzMsF0AT3S8an753GBJkYXNoX2Jhc2VsaW5lXzFfdjERAHX-B2XmnQEA&_nc_gid=6plAFaajA0VPY-Uv6mu1nA&edm=ANo9K5cEAAAA&_nc_zt=28&_nc_tpa=Q5bMBQJ8aJ_1p6ph9nfp6MuME972L-fM6SnFnOIbUkYuP01xDbuf0KpLQ8tFNfDgy5Yo92oe44ZogBXYHw&oh=00_AQFiihCGnhPwNiObkjQYa3E9yb76s6Q1SzPlK3BiEDsjwg&oe=6A7D9003,https://scontent-iad3-1.cdninstagram.com/v/t51.71878-15/499273989_1084917060222333_8829490292102376124_n.jpg?stp=dst-jpg_e35_tt6&_nc_cat=104&ccb=7-5&_nc_sid=18de74&efg=eyJlZmdfdGFnIjoiQ0xJUFMuYmVzdF9pbWFnZV91cmxnZW4uQzMifQ%3D%3D&_nc_ohc=P0UogCSWXm8Q7kNvwEL7KGD&_nc_oc=Ado4Hl-Fb4aqElVMyDaSngfS9ANCoWhNiE6JBbKvbuYt-g5RBuqEvmksy-b9j12OXmU&_nc_zt=23&_nc_ht=scontent-iad3-1.cdninstagram.com&edm=ANo9K5cEAAAA&_nc_gid=6plAFaajA0VPY-Uv6mu1nA&_nc_tpa=Q5bMBQK29EiUzR5M86I-t0ghr5FG5cun6Sza18v3kEwMmoVd-c38zdmA5QnkikrkQzfbqgOrbBlPk7keyQ&oh=00_AQF_DwQzdmgmGV_ce-Xv6kLuU8uJhnkTkzk7Oc5tptKXug&oe=6A8179FD,2023-06-23T17:36:24+0000,3,0,"Website & software development company neuronit
#website #website_income #online_income #earn #earnmoney #earnmoneyfromhome #neuronitio"
17989361087035613,VIDEO,REELS,https://www.instagram.com/reel/CtuRBKBhI0d/,https://scontent-iad3-2.cdninstagram.com/o1/v/t2/f2/m82/AQNsCDVeHUFD_ckaX_VaY3AumdK_4U31K3-Kw5ig8LpZBXZTmgA0k0rUemYc--S4lMMAEukajV1fLR6eWgUbVPiyn56RWbsDwsBGI0U.mp4?_nc_cat=111&_nc_sid=5e9851&_nc_ht=scontent-iad3-2.cdninstagram.com&_nc_ohc=ic-Ygyp1CcQQ7kNvwElIC_W&efg=eyJ2ZW5jb2RlX3RhZyI6Inhwdl9wcm9ncmVzc2l2ZS5JTlNUQUdSQU0uQ0xJUFMuQzMuNzIwLmRhc2hfYmFzZWxpbmVfMV92MSIsInhwdl9hc3NldF9pZCI6OTk5NDQwNDQxMDg1MTc4LCJhc3NldF9hZ2VfZGF5cyI6MTE0OCwidmlfdXNlY2FzZV9pZCI6MTAwOTksImR1cmF0aW9uX3MiOjUsInVybGdlbl9zb3VyY2UiOiJ3d3cifQ%3D%3D&ccb=17-1&vs=5b710b7348b0b735&_nc_vs=HBksFQIYT2lnX3hwdl9yZWVsc19wZXJtYW5lbnRfcHJvZC9EQzQ4MkZBQzM0REE1QzEwODM0NjYzQTNBMzg4ODRBOV92aWRlb19kYXNoaW5pdC5tcDQVAALIARIAFQIYOnBhc3N0aHJvdWdoX2V2ZXJzdG9yZS9HSHVOS1JXT1JjWGJzQmdGQUtYaFhMeHpPY1loYnFfRUFBQUYVAgLIARIAKAAYABsCiAd1c2Vfb2lsATEScHJvZ3Jlc3NpdmVfcmVjaXBlATEVAAAm9LO4x4u_xgMVAigCQzMsF0AT3S8an753GBJkYXNoX2Jhc2VsaW5lXzFfdjERAHX-B2XmnQEA&_nc_gid=6plAFaajA0VPY-Uv6mu1nA&edm=ANo9K5cEAAAA&_nc_zt=28&_nc_tpa=Q5bMBQKagtY5ED4BMsPMTPw_vXmrw8Irg1vmPmZMWXXUGmPWVSX5KhvqgyL4ld6zHS2u6Uf1H4RIvnvYag&oh=00_AQGGqKWdmG-C3YPnBPqdDfGnNbwVVZftRz3rtu2G-LAbEA&oe=6A7DA760,https://scontent-iad6-1.cdninstagram.com/v/t51.71878-15/503311674_1428536868175531_3587299247988665208_n.jpg?stp=dst-jpg_e35_tt6&_nc_cat=107&ccb=7-5&_nc_sid=18de74&efg=eyJlZmdfdGFnIjoiQ0xJUFMuYmVzdF9pbWFnZV91cmxnZW4uQzMifQ%3D%3D&_nc_ohc=8EnJV-IKHtcQ7kNvwGH8AWk&_nc_oc=Ado3s5VKZYh-zQVM_4QGW4GawJ0YnY503sv8xKHD3dVmalpLYsLviQJwiA6nxTmERWI&_nc_zt=23&_nc_ht=scontent-iad6-1.cdninstagram.com&edm=ANo9K5cEAAAA&_nc_gid=6plAFaajA0VPY-Uv6mu1nA&_nc_tpa=Q5bMBQL5pICIL8mX5Xby1VGvbft_cGy59Kzbw1gGlqI-9CdTW_rg8o3tw9E6KihRi5NMgoy4S1KF1ZvPWA&oh=00_AQGagilWHJqEt5zjgG7jbq434SesiClrGi4f1f9ZFPm1hA&oe=6A81929C,2023-06-20T18:53:04+0000,2,0,"#আপনার_কি_ধরনের_ওয়েবসাইট_লাগবে?
ㅤ
🎯 লার্নিং ম্যানেজমেন্ট সিস্টেম
🎯 ইকমার্স মেনেজমেন্ট সফটওয়্যার
🎯 কাস্টম ই-কমার্স ওয়েবসাইট
🎯 ই-কমার্স ওয়েবসাইট
🎯 ইভেন্ট ওয়েবসাইট
🎯 নিউজপেপার ওয়েবসাইট
🎯 রিয়েল এস্টেট ওয়েবসাইট
🎯 হোটেল ও রিসোর্ট ওয়েবসাইট
🎯 স্কুল ও কলেজের ওয়েবসাইট
🎯 এন.জি.ও ওয়েবসাইট
🎯 কর্পোরেট ওয়েবসাইট
 -অন্যান্য যেকোন ধরনের ওয়েবসাইট। 
ㅤ

আপনার প্রয়োজনীয় ওয়েবসাইটের ব্যাপারে কথা বলতে এখুনি কল করুন: +8801873722228

আমাদের ফলো করুন:

ফেসবুক: www.facebook.com/neuroit.io
লিঙ্কড-ইন: www.linkedin.com/company/neuronit
ইনস্টাগ্রাম: www.instagram.com/neuronit.io
ওয়েবসাইট: www.neuronit.io
Website & software development company neuronit"
17874088526864757,IMAGE,FEED,https://www.instagram.com/p/CtuQXoQh213/,https://scontent-iad3-2.cdninstagram.com/v/t51.82787-15/619090914_17966284178864757_378498609394951048_n.webp?stp=dst-jpg_e35_tt6&_nc_cat=103&ccb=7-5&_nc_sid=18de74&efg=eyJlZmdfdGFnIjoiRkVFRC5iZXN0X2ltYWdlX3VybGdlbi5DMyJ9&_nc_ohc=VbiF1dx1z8QQ7kNvwEcgN9q&_nc_oc=AdoSKsG4sTBYVOpASQhMmbw2klfyW0CVQJ-YcRJa6N4xI4SeUvWMnlsU4qRIdfu5AL8&_nc_zt=23&_nc_ht=scontent-iad3-2.cdninstagram.com&edm=ANo9K5cEAAAA&_nc_gid=6plAFaajA0VPY-Uv6mu1nA&_nc_tpa=Q5bMBQICJBxB44h2G8dLJ0nRsjqSKEst5ebvApH0hIVFwwZXuq5xX0ZYeVKh8JpUNfETN64blca0c71w6Q&oh=00_AQHjyefabz0YktAy7kZnzDWH2D_5n1qjjaG73P5WFDnXNQ&oe=6A817D3F,,2023-06-20T18:46:18+0000,1,0,"#আপনার_কি_ধরনের_ওয়েবসাইট_লাগবে?
ㅤ
🎯 লার্নিং ম্যানেজমেন্ট সিস্টেম
🎯 ইকমার্স মেনেজমেন্ট সফটওয়্যার
🎯 কাস্টম ই-কমার্স ওয়েবসাইট
🎯 ই-কমার্স ওয়েবসাইট
🎯 ইভেন্ট ওয়েবসাইট
🎯 নিউজপেপার ওয়েবসাইট
🎯 রিয়েল এস্টেট ওয়েবসাইট
🎯 হোটেল ও রিসোর্ট ওয়েবসাইট
🎯 স্কুল ও কলেজের ওয়েবসাইট
🎯 এন.জি.ও ওয়েবসাইট
🎯 কর্পোরেট ওয়েবসাইট
 -অন্যান্য যেকোন ধরনের ওয়েবসাইট। 
ㅤ

আপনার প্রয়োজনীয় ওয়েবসাইটের ব্যাপারে কথা বলতে এখুনি কল করুন: +8801873722228

আমাদের ফলো করুন:

ফেসবুক: www.facebook.com/neuroit.io
লিঙ্কড-ইন: www.linkedin.com/company/neuronit
ইনস্টাগ্রাম: www.instagram.com/neuronit.io
ওয়েবসাইট: www.neuronit.io

Website & software development company neuronit
#website #neuronitio #software #bd"
17955762437477008,IMAGE,FEED,https://www.instagram.com/p/CtcTSQgBLI8/,https://scontent-iad3-2.cdninstagram.com/v/t51.82787-15/626538570_18051133322477008_2542944302930605580_n.webp?stp=dst-jpg_e35_tt6&_nc_cat=105&ccb=7-5&_nc_sid=18de74&efg=eyJlZmdfdGFnIjoiRkVFRC5iZXN0X2ltYWdlX3VybGdlbi5DMyJ9&_nc_ohc=kJKo4LAsi_oQ7kNvwFTrRem&_nc_oc=AdoeUJubODKfwm4pASQAFBtFPgKNLY3Y1hkg71kbI22SsMRe7CwDvcALV_7e0WKlUxc&_nc_zt=23&_nc_ht=scontent-iad3-2.cdninstagram.com&edm=ANo9K5cEAAAA&_nc_gid=6plAFaajA0VPY-Uv6mu1nA&_nc_tpa=Q5bMBQLDTkYvn7Oc0MNMcN-qBNEMtnM5UTG9X35qsBuroWLSjE4gVzgMrTTaCkhtUwEPl4QREQi5nIqF-w&oh=00_AQF4_cgsoKry8JadsYJfG-ou77C1gsUtBiiFmPcd3vvPbQ&oe=6A81A98A,,2023-06-13T19:25:27+0000,4,0,"Limited time offer for accounting software with AI
Contact us at: +880-1873722228

#software #accounting #accountmanagement #neuronit #ai"
18366240829015179,VIDEO,REELS,https://www.instagram.com/reel/CtUxo8Yh9H-/,https://scontent-iad3-1.cdninstagram.com/o1/v/t2/f2/m82/AQO1ay0yyXFsPGlmu3cTy3gOKJ_77HJWfjsdbpCqkbQqWuek0rMw5a9GTd-kzJVdgoLr1jaMIlhhB5e0CxxTN70u0bPhO1k4LAY5S6A.mp4?_nc_cat=101&_nc_sid=5e9851&_nc_ht=scontent-iad3-1.cdninstagram.com&_nc_ohc=gU9EmZug_wEQ7kNvwHLklb1&efg=eyJ2ZW5jb2RlX3RhZyI6Inhwdl9wcm9ncmVzc2l2ZS5JTlNUQUdSQU0uQ0xJUFMuQzMuNzIwLmRhc2hfYmFzZWxpbmVfMV92MSIsInhwdl9hc3NldF9pZCI6Mjc1NzkyNzU4MTUwODcxLCJhc3NldF9hZ2VfZGF5cyI6MTE1OCwidmlfdXNlY2FzZV9pZCI6MTAwOTksImR1cmF0aW9uX3MiOjUsInVybGdlbl9zb3VyY2UiOiJ3d3cifQ%3D%3D&ccb=17-1&vs=37e3afe9a9826a0b&_nc_vs=HBksFQIYT2lnX3hwdl9yZWVsc19wZXJtYW5lbnRfcHJvZC9FRDRDRjBCMkMyQzlFMTBFRkU0OEVDNTdBQzEzQUY5QV92aWRlb19kYXNoaW5pdC5tcDQVAALIARIAFQIYOnBhc3N0aHJvdWdoX2V2ZXJzdG9yZS9HUFJiRXhYaEtpS0RqLVVGQU9hcUFna2pZX0lnYnFfRUFBQUYVAgLIARIAKAAYABsCiAd1c2Vfb2lsATEScHJvZ3Jlc3NpdmVfcmVjaXBlATEVAAAmrtuMlqC1fRUCKAJDMywXQBPdLxqfvncYEmRhc2hfYmFzZWxpbmVfMV92MREAdf4HZeadAQA&_nc_gid=6plAFaajA0VPY-Uv6mu1nA&edm=ANo9K5cEAAAA&_nc_zt=28&_nc_tpa=Q5bMBQKAu1ibZie4UaPKBQy-KFQcB2WRPuCgez7vk-bsgFYTI5rP7TENSB586E8N5EbmHdaJJd-YHhHqyw&oh=00_AQF2gmXI4afqeakXgbumjZ8END7JeVAtfKtfutVU3RMvrw&oe=6A7D9262,https://scontent-iad6-1.cdninstagram.com/v/t51.71878-15/500076208_700205905709552_1837870696887703687_n.jpg?stp=dst-jpg_e35_tt6&_nc_cat=100&ccb=7-5&_nc_sid=18de74&efg=eyJlZmdfdGFnIjoiQ0xJUFMuYmVzdF9pbWFnZV91cmxnZW4uQzMifQ%3D%3D&_nc_ohc=uA_0W3C-zj0Q7kNvwHHeduk&_nc_oc=AdplAjC1QuN6zBxaAZRZ2t6PfrCIiDthnBqMBLVTHfD6IIxii8NJhrV3Ae28gA7DJoQ&_nc_zt=23&_nc_ht=scontent-iad6-1.cdninstagram.com&edm=ANo9K5cEAAAA&_nc_gid=6plAFaajA0VPY-Uv6mu1nA&_nc_tpa=Q5bMBQKA7dDOiJCJYnkPwt8AcZkF_P_wj4z9K0dgk1EsXsof5eno37PHIFVRpBB-xyWB1jDolAc0-dqDyA&oh=00_AQEF2tYtQ-ETQWp9C9iXoYaJedKBqs-IxUY3fD_OXYTSHw&oe=6A819098,2023-06-10T21:17:23+0000,3,0,"Get your free consultation for your company growth with our services now:

1.E-commerce website
2.School Management
3.Office management
4.NGO fundraiser website
5. Account software
6.Customize website
8.Customize software
9.Business website
10.Company portfolio website
11.Personal portfolio site
12.Special event advertising website
13.Special event entry ID card with QR code and entry management mobile app solution.
14. HRM
15. CRM
16. ERP
17. Mobile Applications

Follow us on:

Facebook: www.facebook.com/neuroit.io
Linkedin: www.linkedin.com/company/neuronit
Website: www.neuronit.io

Call or Whatsapp: 01873722228
#accounting #website #software #ai @neuronit.io"
17994691075965091,VIDEO,REELS,https://www.instagram.com/reel/CtTAz74BmO7/,https://scontent-iad3-1.cdninstagram.com/o1/v/t2/f2/m82/AQPK5tvUNTjE3YhA-LXQgBG7tsWd0iUI0JdJ7c5qAfEPRzhaA1N8K_swr0t4o4xPgwRc1HVjFi-A3T6csfzRiIJHVmkTkgmlqaJuDeo.mp4?_nc_cat=108&_nc_sid=5e9851&_nc_ht=scontent-iad3-1.cdninstagram.com&_nc_ohc=ZZpA1P1rgjYQ7kNvwG_e2q7&efg=eyJ2ZW5jb2RlX3RhZyI6Inhwdl9wcm9ncmVzc2l2ZS5JTlNUQUdSQU0uQ0xJUFMuQzMuMTA4MC5kYXNoX2Jhc2VsaW5lXzFfdjEiLCJ4cHZfYXNzZXRfaWQiOjI0NjEzOTg2MTQ4MjA4NiwiYXNzZXRfYWdlX2RheXMiOjExNTgsInZpX3VzZWNhc2VfaWQiOjEwMDk5LCJkdXJhdGlvbl9zIjoyMCwidXJsZ2VuX3NvdXJjZSI6Ind3dyJ9&ccb=17-1&vs=ba307d405db210e2&_nc_vs=HBksFQIYT2lnX3hwdl9yZWVsc19wZXJtYW5lbnRfcHJvZC80RjRGNTU1N0MyODNCRThGRkQzQ0YxQkQ2MzU3NTJBNV92aWRlb19kYXNoaW5pdC5tcDQVAALIARIAFQIYOnBhc3N0aHJvdWdoX2V2ZXJzdG9yZS9HUDJBQ2hVQ213dzFvdGNDQUdqRzRXWUlMaTkxYnFfRUFBQUYVAgLIARIAKAAYABsCiAd1c2Vfb2lsATEScHJvZ3Jlc3NpdmVfcmVjaXBlATEVAAAmzOmR8Jz3bxUCKAJDMywXQDP3S8an754YEmRhc2hfYmFzZWxpbmVfMV92MREAdf4HZeadAQA&_nc_gid=6plAFaajA0VPY-Uv6mu1nA&edm=ANo9K5cEAAAA&_nc_zt=28&_nc_tpa=Q5bMBQIXJYZxQ9fIMd5Vv4sSXh-E6Sh7PLz_UufoQBslcRAhJWxEet5QzoUpEaS5MHlHt-DpNkwMZzlQAQ&oh=00_AQGZJa-pvBSJzMVArCd0EadkwmGDPuED66oWAfv-KC_tEg&oe=6A7D9CCD,https://scontent-iad3-2.cdninstagram.com/v/t51.71878-15/502157548_706082785487789_4424002857624298522_n.jpg?stp=dst-jpg_e35_tt6&_nc_cat=105&ccb=7-5&_nc_sid=18de74&efg=eyJlZmdfdGFnIjoiQ0xJUFMuYmVzdF9pbWFnZV91cmxnZW4uQzMifQ%3D%3D&_nc_ohc=DrpO9y-XlUgQ7kNvwG8Txei&_nc_oc=AdoclYmP5rJ4JotftrIy4z7PJMObyTghsjZtqNMvBgH34deL3ojNh_5iu24_yIzt50Y&_nc_zt=23&_nc_ht=scontent-iad3-2.cdninstagram.com&edm=ANo9K5cEAAAA&_nc_gid=6plAFaajA0VPY-Uv6mu1nA&_nc_tpa=Q5bMBQLr7I5po2lnnyH7fyJ_EnhP98bvQ-LYKPcC3IOxlpO0Cs08z_BAHBI8gddm1GZgjqunZrQPA4MYpg&oh=00_AQFeOPSQRdz2x3Dk3NJADACNtj0K9S5bAdPyF7OiJoaA8Q&oe=6A81A40B,2023-06-10T04:51:21+0000,2,0,"Get your free consultation for your company growth with our services now:

1.E-commerce website
2.School Management
3.Office management
4.NGO fundraiser website
5. Account software
6.Customize website
8.Customize software
9.Business website
10.Company portfolio website
11.Personal portfolio site
12.Special event advertising website
13.Special event entry ID card with QR code and entry management mobile app solution.
14. HRM
15. CRM
16. ERP
17. Mobile Applications

Follow us on:

Facebook: https://lnkd.in/giHwyamW
Linkedin: https://lnkd.in/grgS8mjC
Instagram: https://lnkd.in/gNHCDsgV
Website: www.neuronit.io

Call or Whatsapp: 01873722228
 #growth #linkedin #software #websitedevelopment #appdevelopment #ai"
18038211550485505,IMAGE,FEED,https://www.instagram.com/p/CtTAgyjh6OA/,https://scontent-iad3-2.cdninstagram.com/v/t51.82787-15/621676546_18140159530485505_7215373594693329754_n.webp?stp=dst-jpg_e35_tt6&_nc_cat=105&ccb=7-5&_nc_sid=18de74&efg=eyJlZmdfdGFnIjoiRkVFRC5iZXN0X2ltYWdlX3VybGdlbi5DMyJ9&_nc_ohc=Hlih-tbdl1gQ7kNvwHMy12Z&_nc_oc=AdqLd49fBLEn9JVy3EmmcrHuiWh3xijlEF8V4dEYkQ1awIdRsdIdRoI-sjXtSvZBMS0&_nc_zt=23&_nc_ht=scontent-iad3-2.cdninstagram.com&edm=ANo9K5cEAAAA&_nc_gid=6plAFaajA0VPY-Uv6mu1nA&_nc_tpa=Q5bMBQLZd2_lm56MRwgyWnKNNUFhjC9jh0nHo4ObGor-U5YuPs6ebHmslvmDE8U2NACc4xiRVwM4LkyCOw&oh=00_AQHxz-iwqIiEvOQxEzVMB7ukV5ShFemd7oqFogcybQrn0w&oe=6A81A6E3,,2023-06-10T04:48:15+0000,2,0,"Get your free consultation for your company growth with our services now:

1.E-commerce website
2.School Management
3.Office management
4.NGO fundraiser website
5. Account software
6.Customize website
8.Customize software
9.Business website
10.Company portfolio website
11.Personal portfolio site
12.Special event advertising website
13.Special event entry ID card with QR code and entry management mobile app solution.
14. HRM
15. CRM
16. ERP
17. Mobile Applications

Follow us on:

Facebook: https://lnkd.in/giHwyamW
Linkedin: https://lnkd.in/grgS8mjC
Instagram: https://lnkd.in/gNHCDsgV
Website: www.neuronit.io

Call or Whatsapp: 01873722228
 #growth #linkedin #software #websitedevelopment #appdevelopment #ai"
17957409002547612,VIDEO,REELS,https://www.instagram.com/reel/CtPaHjDhxYX/,https://scontent-iad3-1.cdninstagram.com/o1/v/t2/f2/m82/AQMgbncwK4ealWwK9CVv4D884_-wU4s-nt7z3sbY_1VpkM6vXjeD5WFsnCaO7jDnk9yZ7eEa1CZpWdJn572cLEBcC-UrLSJ9cn8SyqE.mp4?_nc_cat=110&_nc_sid=5e9851&_nc_ht=scontent-iad3-1.cdninstagram.com&_nc_ohc=cKsDPNnFC6kQ7kNvwFMrwMq&efg=eyJ2ZW5jb2RlX3RhZyI6Inhwdl9wcm9ncmVzc2l2ZS5JTlNUQUdSQU0uQ0xJUFMuQzMuMTAyNC5kYXNoX2Jhc2VsaW5lXzFfdjEiLCJ4cHZfYXNzZXRfaWQiOjEyMzkxMzM5NTAxMDM2MzIsImFzc2V0X2FnZV9kYXlzIjoxMTYwLCJ2aV91c2VjYXNlX2lkIjoxMDA5OSwiZHVyYXRpb25fcyI6OTAsInVybGdlbl9zb3VyY2UiOiJ3d3cifQ%3D%3D&ccb=17-1&vs=6aa4efe03091a2b0&_nc_vs=HBksFQIYT2lnX3hwdl9yZWVsc19wZXJtYW5lbnRfcHJvZC9GNjRCQTdEQUFGQjhGQTcxM0Y4QUNFMzU0RDcyMDE5Ql92aWRlb19kYXNoaW5pdC5tcDQVAALIARIAFQIYOnBhc3N0aHJvdWdoX2V2ZXJzdG9yZS9HQkhpQ0JWS3BpSnFRY2tBQUI3SmJ6a3Q4bmhVYnFfRUFBQUYVAgLIARIAKAAYABsCiAd1c2Vfb2lsATEScHJvZ3Jlc3NpdmVfcmVjaXBlATEVAAAmoMHmrou_swQVAigCQzMsF0BWe7ZFocrBGBJkYXNoX2Jhc2VsaW5lXzFfdjERAHX-B2XmnQEA&_nc_gid=6plAFaajA0VPY-Uv6mu1nA&edm=ANo9K5cEAAAA&_nc_zt=28&_nc_tpa=Q5bMBQKe6n7jCZxObWbZa1-stbXyNcDPam_kIiTpv5mRrhlq3A8zbkUY_C9ACSF6Y3uA_FT4rlH602X6uA&oh=00_AQFem_4mAu8yHNltYsRPprutam7JGfxI8h1Z1IGnFo_SNw&oe=6A7DB637,https://scontent-iad3-1.cdninstagram.com/v/t51.71878-15/499468111_1663950197622003_7409263715632717146_n.jpg?stp=dst-jpg_e35_tt6&_nc_cat=110&ccb=7-5&_nc_sid=18de74&efg=eyJlZmdfdGFnIjoiQ0xJUFMuYmVzdF9pbWFnZV91cmxnZW4uQzMifQ%3D%3D&_nc_ohc=enG4H0mg3ZcQ7kNvwEMhy5p&_nc_oc=AdogK1_cz_eGzEqnoQaXf07JyDupcjicMgDgw28dKrxqPO6h7Zpvvg6kjYENPLYNR60&_nc_zt=23&_nc_ht=scontent-iad3-1.cdninstagram.com&edm=ANo9K5cEAAAA&_nc_gid=6plAFaajA0VPY-Uv6mu1nA&_nc_tpa=Q5bMBQI2Cx-P6zummDCo8lNeWjFW24qZHhF0mgHuI6vgyppoSyLZmS8z-q9KS5zwsHE-y6B8NTyBKfsKMw&oh=00_AQHf8yWvWxkm9CckYm2gWdFWGKZFFwXHw1ac4yiiZij0Bw&oe=6A8195B5,2023-06-08T19:16:01+0000,2,0,"Get your free consultation for your company growth with our services now:

1.E-commerce website
2.School Management
3.Office management
4.NGO fundraiser website
5. Account software
6.Customize website
8.Customize software
9.Business website
10.company portfolio website
11.Personal portfolio site
12.Special event advertising website
13.Special event entry ID card with QR code and entry management mobile app solution.
14. HRM
15. CRM
16. ERP
17. Mobile Applications

Follow us on:

Facebook: www.facebook.com/neuroit.io
Linkedin: www.linkedin.com/company/neuronit
Website: www.neuronit.io

Call or Whatsapp: 01873722228
#software #website #neuronit #ai"
18244752700161729,VIDEO,REELS,https://www.instagram.com/reel/CtPZyLrhmWu/,https://scontent-iad6-1.cdninstagram.com/o1/v/t2/f2/m82/AQOqh1VchmD2C83e3RNHEMu19qCt2rCmN3G4jJzx8ZdkaOB5D9q87guqlOt0IVdQqEOZKLW0rQ5N0o5yTOPzCUZfz68S6d2IDu3dmQs.mp4?_nc_cat=106&_nc_sid=5e9851&_nc_ht=scontent-iad6-1.cdninstagram.com&_nc_ohc=ANrIXSj1FBkQ7kNvwG2oWYn&efg=eyJ2ZW5jb2RlX3RhZyI6Inhwdl9wcm9ncmVzc2l2ZS5JTlNUQUdSQU0uQ0xJUFMuQzMuNzIwLmRhc2hfYmFzZWxpbmVfMV92MSIsInhwdl9hc3NldF9pZCI6OTM1OTk1Mzk0MTIyNDUwLCJhc3NldF9hZ2VfZGF5cyI6MTE2MCwidmlfdXNlY2FzZV9pZCI6MTAwOTksImR1cmF0aW9uX3MiOjUsInVybGdlbl9zb3VyY2UiOiJ3d3cifQ%3D%3D&ccb=17-1&vs=9813630a6a9e816a&_nc_vs=HBksFQIYT2lnX3hwdl9yZWVsc19wZXJtYW5lbnRfcHJvZC9DMzQ3OEU4NDNFQzgyQzcyQjI5ODY3QkQyOTc1NDU4MF92aWRlb19kYXNoaW5pdC5tcDQVAALIARIAFQIYOnBhc3N0aHJvdWdoX2V2ZXJzdG9yZS9HTWZCQ0JVaGVOTnhqRnNEQUw3djlkY1JxaHBhYnFfRUFBQUYVAgLIARIAKAAYABsCiAd1c2Vfb2lsATEScHJvZ3Jlc3NpdmVfcmVjaXBlATEVAAAmpIvTj43SqQMVAigCQzMsF0AWzMzMzMzNGBJkYXNoX2Jhc2VsaW5lXzFfdjERAHX-B2XmnQEA&_nc_gid=6plAFaajA0VPY-Uv6mu1nA&edm=ANo9K5cEAAAA&_nc_zt=28&_nc_tpa=Q5bMBQKQu0H443xMDSv6eJ_0bb9SQyTkqa2kXCaCMUvLw_4SqzUIKOt5eGqNObFp1ktRatnrfeFf-VdurA&oh=00_AQEEaqZ0TdIQvsdPiQSc2k1gJyVnoBy-fXWs8fegyGWdbg&oe=6A7DB18B,https://scontent-iad3-1.cdninstagram.com/v/t51.71878-15/503151582_1364445427944109_4226078513735201187_n.jpg?stp=dst-jpg_e35_tt6&_nc_cat=101&ccb=7-5&_nc_sid=18de74&efg=eyJlZmdfdGFnIjoiQ0xJUFMuYmVzdF9pbWFnZV91cmxnZW4uQzMifQ%3D%3D&_nc_ohc=11irqk4u85QQ7kNvwFQBm91&_nc_oc=AdoNR9mxY35KsrN2wACekNY4J0_4Zyulub_Hxk0I59OmqPsZhSt2Tx7BnSJ02BQKZ9I&_nc_zt=23&_nc_ht=scontent-iad3-1.cdninstagram.com&edm=ANo9K5cEAAAA&_nc_gid=6plAFaajA0VPY-Uv6mu1nA&_nc_tpa=Q5bMBQJnCYBqas8071QI5AArCqOorPgEbS08LrylFS7wfyBiJGKVGNEwnb6XM0iRSgDyq5JidflX_ezuEQ&oh=00_AQGL7iI8PrPHweyjM7ttAV1myvVAqmJ9OrE61ItyqBJQPQ&oe=6A81890B,2023-06-08T19:12:51+0000,3,0,"Get your free consultation for your company growth with our services now:

1.E-commerce website
2.School Management
3.Office management
4.NGO fundraiser website
5. Account software
6.Customize website
8.Customize software
9.Business website
10.company portfolio website
11.Personal portfolio site
12.Special event advertising website
13.Special event entry ID card with QR code and entry management mobile app solution.
14. HRM
15. CRM
16. ERP
17. Mobile Applications

Follow us on:

Facebook: www.facebook.com/neuroit.io
Linkedin: www.linkedin.com/company/neuronit
Website: www.neuronit.io

Call or Whatsapp: 01873722228
#ai #ecommerce #website #neuronit"
17870558300921394,IMAGE,FEED,https://www.instagram.com/p/CtPZjivBFG3/,https://scontent-iad3-2.cdninstagram.com/v/t51.82787-15/620186544_17990458856921394_3603906240364038162_n.webp?stp=dst-jpg_e35_tt6&_nc_cat=105&ccb=7-5&_nc_sid=18de74&efg=eyJlZmdfdGFnIjoiRkVFRC5iZXN0X2ltYWdlX3VybGdlbi5DMyJ9&_nc_ohc=-tW_eJAm2AIQ7kNvwG__afg&_nc_oc=AdpCedWVLmDw-x3kEOt_saaXAsVWE02lKXMbHh1eCV6pd3xloFUz8ZePypQlNuYzEqM&_nc_zt=23&_nc_ht=scontent-iad3-2.cdninstagram.com&edm=ANo9K5cEAAAA&_nc_gid=6plAFaajA0VPY-Uv6mu1nA&_nc_tpa=Q5bMBQKnMzlsEQxJ7omd6dz1b2whM1bqQzC6jHEcTWrzGn6oA412-KzmPQvXeCg9H9SGCPyQhAdijQZAMg&oh=00_AQGCRF7zDRVQvOQNbctA9jOJTFCLoqV_X_o77vaREsRmFg&oe=6A818D41,,2023-06-08T19:10:07+0000,2,0,"Get your free consultation for your company growth with our services now:

1.E-commerce website
2.School Management
3.Office management
4.NGO fundraiser website
5. Account software
6.Customize website
8.Customize software
9.Business website
10.company portfolio website
11.Personal portfolio site
12.Special event advertising website
13.Special event entry ID card with QR code and entry management mobile app solution.
14. HRM
15. CRM
16. ERP
17. Mobile Applications

Follow us on:

Facebook: www.facebook.com/neuroit.io
Linkedin: www.linkedin.com/company/neuronit
Website: www.neuronit.io

Call or Whatsapp: 01873722228

#neuronit #website #software #app"
18122782822307560,VIDEO,REELS,https://www.instagram.com/reel/CtCd6RrhPjR/,https://scontent-iad6-1.cdninstagram.com/o1/v/t2/f2/m82/AQNwcjxopnqKs_7V81qP79Ifoj2ZQU-LnICsMc61pHDMu_NZIddkzoalRpbQbepDVi1t_gxq6SRE308Xdh7LbLCwlinIRM6DVL2v7fY.mp4?_nc_cat=107&_nc_sid=5e9851&_nc_ht=scontent-iad6-1.cdninstagram.com&_nc_ohc=3IBk1lbZhioQ7kNvwGi4F7B&efg=eyJ2ZW5jb2RlX3RhZyI6Inhwdl9wcm9ncmVzc2l2ZS5JTlNUQUdSQU0uQ0xJUFMuQzMuMTI4MC5kYXNoX2Jhc2VsaW5lXzFfdjEiLCJ4cHZfYXNzZXRfaWQiOjk3MjMzOTc1Mzk0NTE2MSwiYXNzZXRfYWdlX2RheXMiOjExNjUsInZpX3VzZWNhc2VfaWQiOjEwMDk5LCJkdXJhdGlvbl9zIjo0NSwidXJsZ2VuX3NvdXJjZSI6Ind3dyJ9&ccb=17-1&vs=dd2726b090f22802&_nc_vs=HBksFQIYT2lnX3hwdl9yZWVsc19wZXJtYW5lbnRfcHJvZC80NjQ4Nzk0Q0Y3MkY0ODhBQ0RGRDkwMjRBRjg2REY4Rl92aWRlb19kYXNoaW5pdC5tcDQVAALIARIAFQIYOnBhc3N0aHJvdWdoX2V2ZXJzdG9yZS9HTTVZLVJRSTQ2TVloN1VDQUE5eW9SZl9hYTBUYnFfRUFBQUYVAgLIARIAKAAYABsCiAd1c2Vfb2lsATEScHJvZ3Jlc3NpdmVfcmVjaXBlATEVAAAmkqGU2s-VugMVAigCQzMsF0BGd2yLQ5WBGBJkYXNoX2Jhc2VsaW5lXzFfdjERAHX-B2XmnQEA&_nc_gid=qj6OW_XcicsbR2cS8OqIAA&edm=ANo9K5cEAAAA&_nc_zt=28&_nc_tpa=Q5bMBQJAQgpMFkU4wN2Tj5R8LSqaePFcc1Lb01pN-8bLVkG12noij0fIpPodNr5EKO2l0lkX-zogRp1Cjg&oh=00_AQELll8HACJmG5wdAS_6OaPnge0LJ-tnECUUwsrC0-GqXQ&oe=6A7DB200,https://scontent-iad3-2.cdninstagram.com/v/t51.71878-15/498315289_1411433546702444_5825663396080239360_n.jpg?stp=dst-jpg_e35_tt6&_nc_cat=105&ccb=7-5&_nc_sid=18de74&efg=eyJlZmdfdGFnIjoiQ0xJUFMuYmVzdF9pbWFnZV91cmxnZW4uQzMifQ%3D%3D&_nc_ohc=xCYdqGtmrawQ7kNvwGtZUSE&_nc_oc=AdrTBjqcwLwjmlVPLKpf2ynMQneGoGfCxoG29FhyjsDKIhcBMlyxd_8yqT6X8EDz59A&_nc_zt=23&_nc_ht=scontent-iad3-2.cdninstagram.com&edm=ANo9K5cEAAAA&_nc_gid=qj6OW_XcicsbR2cS8OqIAA&_nc_tpa=Q5bMBQL9rHOYrs3NCGYbhHx-sFDJWg1L45O6hWGbI3pyb9cceDkgfke4hE516kHX_YcGrjiMOkrk8MTS5Q&oh=00_AQHZA38ShVS7tFAygW5wZ2jHqzLz4D-i9ultdnaecYAG-Q&oe=6A8198AF,2023-06-03T18:38:48+0000,0,0,
